{
    "name": "root",
    "gauges": {
        "RobotSumoWLchangeSensor.Policy.Entropy.mean": {
            "value": 1.4651248455047607,
            "min": 1.4258018732070923,
            "max": 1.4663952589035034,
            "count": 10
        },
        "RobotSumoWLchangeSensor.Environment.EpisodeLength.mean": {
            "value": 752.3484848484849,
            "min": 418.57142857142856,
            "max": 772.1764705882352,
            "count": 10
        },
        "RobotSumoWLchangeSensor.Policy.ExtrinsicValueEstimate.mean": {
            "value": 20.023927688598633,
            "min": 1.689888596534729,
            "max": 20.023927688598633,
            "count": 10
        },
        "RobotSumoWLchangeSensor.Environment.CumulativeReward.mean": {
            "value": 291.79843641411173,
            "min": 54.63594853934788,
            "max": 291.79843641411173,
            "count": 10
        },
        "RobotSumoWLchangeSensor.Policy.ExtrinsicReward.mean": {
            "value": 291.79843641411173,
            "min": 54.63594853934788,
            "max": 291.79843641411173,
            "count": 10
        },
        "RobotSumoWLchangeSensor.Losses.PolicyLoss.mean": {
            "value": 0.023509676706938383,
            "min": 0.021964423501631244,
            "max": 0.025233424482867122,
            "count": 10
        },
        "RobotSumoWLchangeSensor.Losses.ValueLoss.mean": {
            "value": 11.336820300420126,
            "min": 1.962792051633199,
            "max": 11.336820300420126,
            "count": 10
        },
        "RobotSumoWLchangeSensor.Policy.LearningRate.mean": {
            "value": 1.6331974556040004e-05,
            "min": 1.6331974556040004e-05,
            "max": 0.0002845735551421499,
            "count": 10
        },
        "RobotSumoWLchangeSensor.Policy.Epsilon.mean": {
            "value": 0.10544396,
            "min": 0.10544396,
            "max": 0.19485785,
            "count": 10
        },
        "RobotSumoWLchangeSensor.Policy.Beta.mean": {
            "value": 0.0002816536040000003,
            "min": 0.0002816536040000003,
            "max": 0.0047434067150000005,
            "count": 10
        },
        "RobotSumoWLchangeSensor.IsTraining.mean": {
            "value": 1.0,
            "min": 1.0,
            "max": 1.0,
            "count": 10
        }
    },
    "metadata": {
        "timer_format_version": "0.1.0",
        "start_time_seconds": "1623220796",
        "python_version": "3.8.5 (default, Sep  3 2020, 21:29:08) [MSC v.1916 64 bit (AMD64)]",
        "command_line_arguments": "C:\\Users\\szczy\\Documents\\UnityProjects\\Mobile_robot_simulator\\venv\\Scripts\\mlagents-learn --run-id RobotSumoWL_40SD_6FOV",
        "mlagents_version": "0.23.0",
        "mlagents_envs_version": "0.23.0",
        "communication_protocol_version": "1.3.0",
        "pytorch_version": "1.7.1+cpu",
        "numpy_version": "1.18.5",
        "end_time_seconds": "1623225260"
    },
    "total": 4464.4514242000005,
    "count": 1,
    "self": 0.007964600000377686,
    "children": {
        "run_training.setup": {
            "total": 0.03973810000000011,
            "count": 1,
            "self": 0.03973810000000011
        },
        "TrainerController.start_learning": {
            "total": 4464.4037215,
            "count": 1,
            "self": 1.4622456000197417,
            "children": {
                "TrainerController._reset_env": {
                    "total": 7.4456101,
                    "count": 1,
                    "self": 7.4456101
                },
                "TrainerController.advance": {
                    "total": 4455.407601999981,
                    "count": 31851,
                    "self": 0.7262203000227601,
                    "children": {
                        "env_step": {
                            "total": 4454.681381699958,
                            "count": 31851,
                            "self": 4321.616619299995,
                            "children": {
                                "SubprocessEnvManager._take_step": {
                                    "total": 132.20694430004303,
                                    "count": 31851,
                                    "self": 3.959732100036632,
                                    "children": {
                                        "TorchPolicy.evaluate": {
                                            "total": 128.2472122000064,
                                            "count": 31281,
                                            "self": 24.965959100030034,
                                            "children": {
                                                "TorchPolicy.sample_actions": {
                                                    "total": 103.28125309997637,
                                                    "count": 31281,
                                                    "self": 103.28125309997637
                                                }
                                            }
                                        }
                                    }
                                },
                                "workers": {
                                    "total": 0.8578180999200793,
                                    "count": 31851,
                                    "self": 0.0,
                                    "children": {
                                        "worker_root": {
                                            "total": 4455.247759999965,
                                            "count": 31851,
                                            "is_parallel": true,
                                            "self": 230.2369637999509,
                                            "children": {
                                                "steps_from_proto": {
                                                    "total": 0.0009375000000000355,
                                                    "count": 1,
                                                    "is_parallel": true,
                                                    "self": 0.0004398000000005453,
                                                    "children": {
                                                        "_process_vector_observation": {
                                                            "total": 0.0004976999999994902,
                                                            "count": 2,
                                                            "is_parallel": true,
                                                            "self": 0.0004976999999994902
                                                        }
                                                    }
                                                },
                                                "UnityEnvironment.step": {
                                                    "total": 4225.009858700014,
                                                    "count": 31851,
                                                    "is_parallel": true,
                                                    "self": 5.721523899851491,
                                                    "children": {
                                                        "UnityEnvironment._generate_step_input": {
                                                            "total": 62.11011000006134,
                                                            "count": 31851,
                                                            "is_parallel": true,
                                                            "self": 62.11011000006134
                                                        },
                                                        "communicator.exchange": {
                                                            "total": 4134.028125900079,