{
    "name": "root",
    "gauges": {
        "RobotSumovsCubeWLLSTM.Policy.Entropy.mean": {
            "value": 1.4561915397644043,
            "min": 1.424223780632019,
            "max": 1.4561915397644043,
            "count": 10
        },
        "RobotSumovsCubeWLLSTM.Environment.EpisodeLength.mean": {
            "value": 229.40366972477065,
            "min": 204.11297071129707,
            "max": 675.3783783783783,
            "count": 10
        },
        "RobotSumovsCubeWLLSTM.Policy.ExtrinsicValueEstimate.mean": {
            "value": 18.539188385009766,
            "min": 1.040066123008728,
            "max": 18.539188385009766,
            "count": 10
        },
        "RobotSumovsCubeWLLSTM.Environment.CumulativeReward.mean": {
            "value": 254.36319231809279,
            "min": 57.90120760163641,
            "max": 276.9836254673345,
            "count": 10
        },
        "RobotSumovsCubeWLLSTM.Policy.ExtrinsicReward.mean": {
            "value": 254.36319231809279,
            "min": 57.90120760163641,
            "max": 276.9836254673345,
            "count": 10
        },
        "RobotSumovsCubeWLLSTM.Losses.PolicyLoss.mean": {
            "value": 0.02342786019202322,
            "min": 0.021734833784770067,
            "max": 0.026085011822481952,
            "count": 10
        },
        "RobotSumovsCubeWLLSTM.Losses.ValueLoss.mean": {
            "value": 441.51820983886716,
            "min": 6.934447348117828,
            "max": 507.2167271931966,
            "count": 10
        },
        "RobotSumovsCubeWLLSTM.Policy.LearningRate.mean": {
            "value": 1.6410694529799998e-05,
            "min": 1.6410694529799998e-05,
            "max": 0.00028460790513069997,
            "count": 10
        },
        "RobotSumovsCubeWLLSTM.Policy.Epsilon.mean": {
            "value": 0.1054702,
            "min": 0.1054702,
            "max": 0.19486930000000002,
            "count": 10
        },
        "RobotSumovsCubeWLLSTM.Policy.Beta.mean": {
            "value": 0.00028296298000000003,
            "min": 0.00028296298000000003,
            "max": 0.00474397807,
            "count": 10
        },
        "RobotSumovsCubeWLLSTM.IsTraining.mean": {
            "value": 1.0,
            "min": 1.0,
            "max": 1.0,
            "count": 10
        }
    },
    "metadata": {
        "timer_format_version": "0.1.0",
        "start_time_seconds": "1622536918",
        "python_version": "3.8.5 (default, Sep  3 2020, 21:29:08) [MSC v.1916 64 bit (AMD64)]",
        "command_line_arguments": "C:\\Users\\szczy\\Documents\\UnityProjects\\Mobile_robot_simulator\\venv\\Scripts\\mlagents-learn --run-id RobotSumoWLLSTM --force",
        "mlagents_version": "0.23.0",
        "mlagents_envs_version": "0.23.0",
        "communication_protocol_version": "1.3.0",
        "pytorch_version": "1.7.1+cpu",
        "numpy_version": "1.18.5",
        "end_time_seconds": "1622544978"
    },
    "total": 8060.3182199,
    "count": 1,
    "self": 0.013048199999502685,
    "children": {
        "run_training.setup": {
            "total": 0.042206100000000024,
            "count": 1,
            "self": 0.042206100000000024
        },
        "TrainerController.start_learning": {
            "total": 8060.262965600001,
            "count": 1,
            "self": 3.982699299916021,
            "children": {
                "TrainerController._reset_env": {
                    "total": 6.915926399999999,
                    "count": 1,
                    "self": 6.915926399999999
                },
                "TrainerController.advance": {
                    "total": 8049.227382700085,
                    "count": 84649,
                    "self": 1.9175030000806146,
                    "children": {
                        "env_step": {
                            "total": 8047.309879700005,
                            "count": 84649,
                            "self": 7807.704609099792,
                            "children": {
                                "SubprocessEnvManager._take_step": {
                                    "total": 237.38887410000837,
                                    "count": 84649,
                                    "self": 7.297253499968207,
                                    "children": {
                                        "TorchPolicy.evaluate": {
                                            "total": 230.09162060004016,
                                            "count": 83369,
                                            "self": 51.6583168000638,
                                            "children": {
                                                "TorchPolicy.sample_actions": {
                                                    "total": 178.43330379997636,
                                                    "count": 83369,
                                                    "self": 178.43330379997636
                                                }
                                            }
                                        }
                                    }
                                },
                                "workers": {
                                    "total": 2.2163965002044943,
                                    "count": 84649,
                                    "self": 0.0,
                                    "children": {
                                        "worker_root": {
                                            "total": 8049.014570300069,
                                            "count": 84649,
                                            "is_parallel": true,
                                            "self": 416.4524269001886,
                                            "children": {
                                                "steps_from_proto": {
                                                    "total": 0.0007906000000001967,
                                                    "count": 1,
                                                    "is_parallel": true,
                                                    "self": 0.0003843999999997294,
                                                    "children": {
                                                        "_process_vector_observation": {
                                                            "total": 0.0004062000000004673,
                                                            "count": 2,
                                                            "is_parallel": true,
                                                            "self": 0.0004062000000004673
                                                        }
                                                    }
                                                },
                                                "UnityEnvironment.step": {
                                                    "total": 7632.56135279988,
                                                    "count": 84649,
                                                    "is_parallel": true,
                                                    "self": 11.766062199872977,
                                                    "children": {
                                                        "UnityEnvironment._generate_step_input": {
                                                            "total": 58.177368300028924,
                                                            "count": 84649,
                                                            "is_parallel": true,
                                                            "self": 58.177368300028924
                                                        },
                                                        "communicator.exchange": {
                                                            "total": 7523.927686099974,