{
    "name": "root",
    "gauges": {
        "RobotSumovsCubeWLLSTM.Policy.Entropy.mean": {
            "value": 1.4477852582931519,
            "min": 1.4257744550704956,
            "max": 1.4503264427185059,
            "count": 5
        },
        "RobotSumovsCubeWLLSTM.Environment.EpisodeLength.mean": {
            "value": 688.7746478873239,
            "min": 421.295652173913,
            "max": 688.7746478873239,
            "count": 5
        },
        "RobotSumovsCubeWLLSTM.Policy.ExtrinsicValueEstimate.mean": {
            "value": 11.064897537231445,
            "min": 1.260377049446106,
            "max": 11.064897537231445,
            "count": 5
        },
        "RobotSumovsCubeWLLSTM.Environment.CumulativeReward.mean": {
            "value": 228.27985711353165,
            "min": 58.48197006194488,
            "max": 228.27985711353165,
            "count": 5
        },
        "RobotSumovsCubeWLLSTM.Policy.ExtrinsicReward.mean": {
            "value": 228.27985711353165,
            "min": 58.48197006194488,
            "max": 228.27985711353165,
            "count": 5
        },
        "RobotSumovsCubeWLLSTM.Losses.PolicyLoss.mean": {
            "value": 0.11428265454402815,
            "min": 0.10741137633934464,
            "max": 0.16159274629162004,
            "count": 5
        },
        "RobotSumovsCubeWLLSTM.Losses.ValueLoss.mean": {
            "value": 10.80383470217387,
            "min": 3.2056101846694944,
            "max": 10.80383470217387,
            "count": 5
        },
        "RobotSumovsCubeWLLSTM.Policy.LearningRate.mean": {
            "value": 0.00016518712493763998,
            "min": 0.00016518712493763998,
            "max": 0.00028310772563076,
            "count": 5
        },
        "RobotSumovsCubeWLLSTM.Policy.Epsilon.mean": {
            "value": 0.15506236,
            "min": 0.15506236,
            "max": 0.19436924000000005,
            "count": 5
        },
        "RobotSumovsCubeWLLSTM.Policy.Beta.mean": {
            "value": 0.002757611764000001,
            "min": 0.002757611764000001,
            "max": 0.004719025076000001,
            "count": 5
        },
        "RobotSumovsCubeWLLSTM.IsTraining.mean": {
            "value": 1.0,
            "min": 1.0,
            "max": 1.0,
            "count": 5
        }
    },
    "metadata": {
        "timer_format_version": "0.1.0",
        "start_time_seconds": "1622489478",
        "python_version": "3.8.5 (default, Sep  3 2020, 21:29:08) [MSC v.1916 64 bit (AMD64)]",
        "command_line_arguments": "C:\\Users\\szczy\\Documents\\UnityProjects\\Mobile_robot_simulator\\venv\\Scripts\\mlagents-learn results\\RobotSumoWLLSTM\\configurationLSTM.yaml --run-id RobotSumoWLLSTM --force",
        "mlagents_version": "0.23.0",
        "mlagents_envs_version": "0.23.0",
        "communication_protocol_version": "1.3.0",
        "pytorch_version": "1.7.1+cpu",
        "numpy_version": "1.18.5",
        "end_time_seconds": "1622495647"
    },
    "total": 6169.2764029,
    "count": 1,
    "self": 0.011271899999883317,
    "children": {
        "run_training.setup": {
            "total": 0.013982599999999845,
            "count": 1,
            "self": 0.013982599999999845
        },
        "TrainerController.start_learning": {
            "total": 6169.2511484,
            "count": 1,
            "self": 2.163710600005288,
            "children": {
                "TrainerController._reset_env": {
                    "total": 3.9793604,
                    "count": 1,
                    "self": 3.9793604
                },
                "TrainerController.advance": {
                    "total": 6162.827772499994,
                    "count": 46018,
                    "self": 1.1600326999623576,
                    "children": {
                        "env_step": {
                            "total": 6161.667739800032,
                            "count": 46018,
                            "self": 6008.377075100059,
                            "children": {
                                "SubprocessEnvManager._take_step": {
                                    "total": 152.0263548999594,
                                    "count": 46018,
                                    "self": 5.161286999965142,
                                    "children": {
                                        "TorchPolicy.evaluate": {
                                            "total": 146.86506789999424,
                                            "count": 45649,
                                            "self": 28.546801500074707,
                                            "children": {
                                                "TorchPolicy.sample_actions": {
                                                    "total": 118.31826639991954,
                                                    "count": 45649,
                                                    "self": 118.31826639991954
                                                }
                                            }
                                        }
                                    }
                                },
                                "workers": {
                                    "total": 1.2643098000131738,
                                    "count": 46017,
                                    "self": 0.0,
                                    "children": {
                                        "worker_root": {
                                            "total": 6162.582299499923,
                                            "count": 46017,
                                            "is_parallel": true,
                                            "self": 247.77233699994486,
                                            "children": {
                                                "steps_from_proto": {
                                                    "total": 0.0005958999999999826,
                                                    "count": 1,
                                                    "is_parallel": true,
                                                    "self": 0.0002769000000006905,
                                                    "children": {
                                                        "_process_vector_observation": {
                                                            "total": 0.00031899999999929207,
                                                            "count": 2,
                                                            "is_parallel": true,
                                                            "self": 0.00031899999999929207
                                                        }
                                                    }
                                                },
                                                "UnityEnvironment.step": {
                                                    "total": 5914.809366599978,
                                                    "count": 46017,
                                                    "is_parallel": true,
                                                    "self": 6.7727130998955545,
                                                    "children": {
                                                        "UnityEnvironment._generate_step_input": {
                                                            "total": 34.11368539998523,
                                                            "count": 46017,
                                                            "is_parallel": true,
                                                            "self": 34.11368539998523
                                                        },
                                                        "communicator.exchange": {
                                                            "total": 5851.94660790003,