{
    "name": "root",
    "metadata": {
        "timer_format_version": "0.1.0",
        "start_time_seconds": "1610709112",
        "python_version": "3.8.5 (default, Sep  3 2020, 21:29:08) [MSC v.1916 64 bit (AMD64)]",
        "command_line_arguments": "C:\\Users\\szczy\\Documents\\UnityProjects\\Mobile_robot_simulator\\venv\\Scripts\\mlagents-learn --run-id=Test14",
        "mlagents_version": "0.23.0",
        "mlagents_envs_version": "0.23.0",
        "communication_protocol_version": "1.3.0",
        "pytorch_version": "1.7.1+cpu",
        "numpy_version": "1.18.5",
        "end_time_seconds": "1610709381"
    },
    "total": 269.27966840000005,
    "count": 1,
    "self": 0.00823030000003655,
    "children": {
        "run_training.setup": {
            "total": 0.018095300000000147,
            "count": 1,
            "self": 0.018095300000000147
        },
        "TrainerController.start_learning": {
            "total": 269.2533428,
            "count": 1,
            "self": 0.6988417000009122,
            "children": {
                "TrainerController._reset_env": {
                    "total": 15.382075700000001,
                    "count": 1,
                    "self": 15.382075700000001
                },
                "TrainerController.advance": {
                    "total": 252.76460279999907,
                    "count": 10554,
                    "self": 0.35063930000040955,
                    "children": {
                        "env_step": {
                            "total": 252.41396349999866,
                            "count": 10554,
                            "self": 178.32819419999737,
                            "children": {
                                "SubprocessEnvManager._take_step": {
                                    "total": 73.73045550000025,
                                    "count": 10554,
                                    "self": 2.7710179999987616,
                                    "children": {
                                        "TorchPolicy.evaluate": {
                                            "total": 70.95943750000148,
                                            "count": 21108,
                                            "self": 16.39873250000268,
                                            "children": {
                                                "TorchPolicy.sample_actions": {
                                                    "total": 54.560704999998805,
                                                    "count": 21108,
                                                    "self": 54.560704999998805
                                                }
                                            }
                                        }
                                    }
                                },
                                "workers": {
                                    "total": 0.3553138000010527,
                                    "count": 10553,
                                    "self": 0.0,
                                    "children": {
                                        "worker_root": {
                                            "total": 252.61234569999985,
                                            "count": 10553,
                                            "is_parallel": true,
                                            "self": 101.05342389999862,
                                            "children": {
                                                "steps_from_proto": {
                                                    "total": 0.0006196999999996677,
                                                    "count": 2,
                                                    "is_parallel": true,
                                                    "self": 0.0003509999999984359,
                                                    "children": {
                                                        "_process_vector_observation": {
                                                            "total": 0.00026870000000123184,
                                                            "count": 4,
                                                            "is_parallel": true,
                                                            "self": 0.00026870000000123184
                                                        }
                                                    }
                                                },
                                                "UnityEnvironment.step": {
                                                    "total": 151.55830210000124,
                                                    "count": 10553,
                                                    "is_parallel": true,
                                                    "self": 2.0627066000011496,
                                                    "children": {
                                                        "UnityEnvironment._generate_step_input": {
                                                            "total": 6.124548399999073,
                                                            "count": 10553,
                                                            "is_parallel": true,
                                                            "self": 6.124548399999073
                                                        },
                                                        "communicator.exchange": {
                                                            "total": 134.62877740000098,
                                                            "count": 10553,
                                                            "is_parallel": true,
                                                            "self": 134.62877740000098
                                                        },
                                                        "steps_from_proto": {
                                                            "total": 8.742269700000035,
                                                            "count": 21106,
                                                            "is_parallel": true,
                                                            "self": 5.44516479999829,
                                                            "children": {
                                                                "_process_vector_observation": {
                                                                    "total": 3.297104900001745,
                                                                    "count": 42212,
                                                                    "is_parallel": true,
                                                                    "self": 3.297104900001745
                                                                }
                                                            }
                                                        }
                                                    }
                                                }
                                            }
                                        }
                                    }
                                }
                            }
                        }
                    }
                },
                "trainer_threads": {
                    "total": 0.00010969999999588254,
                    "count": 1,
                    "self": 0.00010969999999588254,
                    "children": {
                        "thread_root": {
                            "total": 0.0,
                            "count": 0,
                            "is_parallel": true,
                            "self": 0.0,
                            "children": {
                                "trainer_advance": {
                                    "total": 505.7791810000014,