{
    "name": "root",
    "gauges": {
        "RobotSumovsCube.Policy.Entropy.mean": {
            "value": 1.416081428527832,
            "min": 1.416081428527832,
            "max": 1.4203475713729858,
            "count": 10
        },
        "RobotSumovsCube.Policy.ExtrinsicValueEstimate.mean": {
            "value": -0.032787881791591644,
            "min": -0.03925969451665878,
            "max": -0.020861590281128883,
            "count": 10
        },
        "RobotSumovsCube.Environment.EpisodeLength.mean": {
            "value": 865.6551724137931,
            "min": 601.056338028169,
            "max": 900.0925925925926,
            "count": 10
        },
        "RobotSumovsCube.Environment.CumulativeReward.mean": {
            "value": -0.20689655172413793,
            "min": -0.6338028169014085,
            "max": -0.14814814814814814,
            "count": 10
        },
        "RobotSumovsCube.Policy.ExtrinsicReward.mean": {
            "value": -0.20689655172413793,
            "min": -0.6338028169014085,
            "max": -0.14814814814814814,
            "count": 10
        },
        "RobotSumovsCube.Losses.PolicyLoss.mean": {
            "value": 0.025916106149670666,
            "min": 0.021432934922631833,
            "max": 0.025916106149670666,
            "count": 10
        },
        "RobotSumovsCube.Losses.ValueLoss.mean": {
            "value": 0.0015039532483509294,
            "min": 0.0010764919715196206,
            "max": 0.007657091477206754,
            "count": 10
        },
        "RobotSumovsCube.Policy.LearningRate.mean": {
            "value": 1.644273451911999e-05,
            "min": 1.644273451911999e-05,
            "max": 0.00028459215513595,
            "count": 10
        },
        "RobotSumovsCube.Policy.Epsilon.mean": {
            "value": 0.10548088000000003,
            "min": 0.10548088000000003,
            "max": 0.19486405000000004,
            "count": 10
        },
        "RobotSumovsCube.Policy.Beta.mean": {
            "value": 0.00028349591199999986,
            "min": 0.00028349591199999986,
            "max": 0.0047437160949999994,
            "count": 10
        },
        "RobotSumovsCube.IsTraining.mean": {
            "value": 1.0,
            "min": 1.0,
            "max": 1.0,
            "count": 10
        }
    },
    "metadata": {
        "timer_format_version": "0.1.0",
        "start_time_seconds": "1613245988",
        "python_version": "3.8.5 (default, Sep  3 2020, 21:29:08) [MSC v.1916 64 bit (AMD64)]",
        "command_line_arguments": "C:\\Users\\szczy\\Documents\\UnityProjects\\Mobile_robot_simulator\\venv\\Scripts\\mlagents-learn --run-id FuzzyLogic1 --force",
        "mlagents_version": "0.23.0",
        "mlagents_envs_version": "0.23.0",
        "communication_protocol_version": "1.3.0",
        "pytorch_version": "1.7.1+cpu",
        "numpy_version": "1.18.5",
        "end_time_seconds": "1613252933"
    },
    "total": 6945.536644299999,
    "count": 1,
    "self": 0.013005999999222695,
    "children": {
        "run_training.setup": {
            "total": 0.010348999999999942,
            "count": 1,
            "self": 0.010348999999999942
        },
        "TrainerController.start_learning": {
            "total": 6945.5132893,
            "count": 1,
            "self": 1.2069605999358828,
            "children": {
                "TrainerController._reset_env": {
                    "total": 7.4484392999999995,
                    "count": 1,
                    "self": 7.4484392999999995
                },
                "TrainerController.advance": {
                    "total": 6936.742587900063,
                    "count": 31758,
                    "self": 0.6346177001187243,
                    "children": {
                        "env_step": {
                            "total": 6936.107970199944,
                            "count": 31758,
                            "self": 6836.4644109,
                            "children": {
                                "SubprocessEnvManager._take_step": {
                                    "total": 98.95389829997204,
                                    "count": 31758,
                                    "self": 3.4005014999628287,
                                    "children": {
                                        "TorchPolicy.evaluate": {
                                            "total": 95.55339680000921,
                                            "count": 31280,
                                            "self": 21.090868000027854,
                                            "children": {
                                                "TorchPolicy.sample_actions": {
                                                    "total": 74.46252879998136,
                                                    "count": 31280,
                                                    "self": 74.46252879998136
                                                }
                                            }
                                        }
                                    }
                                },
                                "workers": {
                                    "total": 0.6896609999720091,
                                    "count": 31758,
                                    "self": 0.0,
                                    "children": {
                                        "worker_root": {
                                            "total": 6936.596137299958,
                                            "count": 31758,
                                            "is_parallel": true,
                                            "self": 182.6768553999591,
                                            "children": {
                                                "steps_from_proto": {
                                                    "total": 0.0007726999999997375,
                                                    "count": 1,
                                                    "is_parallel": true,
                                                    "self": 0.0004376999999999853,
                                                    "children": {
                                                        "_process_vector_observation": {
                                                            "total": 0.00033499999999975216,
                                                            "count": 2,
                                                            "is_parallel": true,
                                                            "self": 0.00033499999999975216
                                                        }
                                                    }
                                                },
                                                "UnityEnvironment.step": {
                                                    "total": 6753.918509199999,
                                                    "count": 31758,
                                                    "is_parallel": true,
                                                    "self": 4.516670300068654,
                                                    "children": {
                                                        "UnityEnvironment._generate_step_input": {
                                                            "total": 49.223152399922284,
                                                            "count": 31758,
                                                            "is_parallel": true,
                                                            "self": 49.223152399922284
                                                        },
                                                        "communicator.exchange": {
                                                            "total": 6683.075200799973,