{
    "name": "root",
    "gauges": {
        "RobotSumovsCube.Policy.Entropy.mean": {
            "value": 1.3977676630020142,
            "min": 1.396754264831543,
            "max": 1.4011796712875366,
            "count": 10
        },
        "RobotSumovsCube.Policy.ExtrinsicValueEstimate.mean": {
            "value": -0.011708812788128853,
            "min": -0.011912746354937553,
            "max": -0.0023976070806384087,
            "count": 10
        },
        "RobotSumovsCube.Losses.PolicyLoss.mean": {
            "value": 0.024559090059240892,
            "min": 0.022007158231193293,
            "max": 0.025081675451559326,
            "count": 10
        },
        "RobotSumovsCube.Losses.ValueLoss.mean": {
            "value": 0.0005703590635190873,
            "min": 0.00012909463310885864,
            "max": 0.01909057408027531,
            "count": 10
        },
        "RobotSumovsCube.Policy.LearningRate.mean": {
            "value": 1.2529895823400004e-05,
            "min": 1.2529895823400004e-05,
            "max": 0.0002835483054839,
            "count": 10
        },
        "RobotSumovsCube.Policy.Epsilon.mean": {
            "value": 0.1041766,
            "min": 0.1041766,
            "max": 0.19451610000000003,
            "count": 10
        },
        "RobotSumovsCube.Policy.Beta.mean": {
            "value": 0.0002184123400000001,
            "min": 0.0002184123400000001,
            "max": 0.004726353389999999,
            "count": 10
        },
        "RobotSumovsCube.Environment.EpisodeLength.mean": {
            "value": 986.7450980392157,
            "min": 956.2156862745098,
            "max": 999.0,
            "count": 10
        },
        "RobotSumovsCube.Environment.CumulativeReward.mean": {
            "value": -0.058823529411764705,
            "min": -0.1568627450980392,
            "max": 0.0,
            "count": 10
        },
        "RobotSumovsCube.Policy.ExtrinsicReward.mean": {
            "value": -0.058823529411764705,
            "min": -0.1568627450980392,
            "max": 0.0,
            "count": 10
        },
        "RobotSumovsCube.IsTraining.mean": {
            "value": 1.0,
            "min": 1.0,
            "max": 1.0,
            "count": 10
        }
    },
    "metadata": {
        "timer_format_version": "0.1.0",
        "start_time_seconds": "1612197906",
        "python_version": "3.8.5 (default, Sep  3 2020, 21:29:08) [MSC v.1916 64 bit (AMD64)]",
        "command_line_arguments": "C:\\Users\\szczy\\Documents\\UnityProjects\\Mobile_robot_simulator\\venv\\Scripts\\mlagents-learn --run-id RobotSumovsCube11 --initialize-from RobotSumovsCube10",
        "mlagents_version": "0.23.0",
        "mlagents_envs_version": "0.23.0",
        "communication_protocol_version": "1.3.0",
        "pytorch_version": "1.7.1+cpu",
        "numpy_version": "1.18.5",
        "end_time_seconds": "1612201593"
    },
    "total": 3687.2923811,
    "count": 1,
    "self": 0.009437199999865697,
    "children": {
        "run_training.setup": {
            "total": 0.013656200000000007,
            "count": 1,
            "self": 0.013656200000000007
        },
        "TrainerController.start_learning": {
            "total": 3687.2692877000004,
            "count": 1,
            "self": 1.4235387999783597,
            "children": {
                "TrainerController._reset_env": {
                    "total": 4.6421318000000005,
                    "count": 1,
                    "self": 4.6421318000000005
                },
                "TrainerController.advance": {
                    "total": 3681.060496100022,
                    "count": 31583,
                    "self": 0.727810400031558,
                    "children": {
                        "env_step": {
                            "total": 3680.3326856999906,
                            "count": 31583,
                            "self": 3538.3928195000763,
                            "children": {
                                "SubprocessEnvManager._take_step": {
                                    "total": 141.08482149993057,
                                    "count": 31583,
                                    "self": 3.9456645999522095,
                                    "children": {
                                        "TorchPolicy.evaluate": {
                                            "total": 137.13915689997836,
                                            "count": 31288,
                                            "self": 25.4773084999685,
                                            "children": {
                                                "TorchPolicy.sample_actions": {
                                                    "total": 111.66184840000986,
                                                    "count": 31288,
                                                    "self": 111.66184840000986
                                                }
                                            }
                                        }
                                    }
                                },
                                "workers": {
                                    "total": 0.8550446999838357,
                                    "count": 31583,
                                    "self": 0.0,
                                    "children": {
                                        "worker_root": {
                                            "total": 3680.9576115999853,
                                            "count": 31583,
                                            "is_parallel": true,
                                            "self": 239.3271796000172,
                                            "children": {
                                                "steps_from_proto": {
                                                    "total": 0.0008423000000004066,
                                                    "count": 1,
                                                    "is_parallel": true,
                                                    "self": 0.00045299999999937057,
                                                    "children": {
                                                        "_process_vector_observation": {
                                                            "total": 0.00038930000000103604,
                                                            "count": 2,
                                                            "is_parallel": true,
                                                            "self": 0.00038930000000103604
                                                        }
                                                    }
                                                },
                                                "UnityEnvironment.step": {
                                                    "total": 3441.629589699968,
                                                    "count": 31583,
                                                    "is_parallel": true,
                                                    "self": 4.890059099957398,
                                                    "children": {
                                                        "UnityEnvironment._generate_step_input": {
                                                            "total": 61.98880320001585,
                                                            "count": 31583,
                                                            "is_parallel": true,
                                                            "self": 61.98880320001585
                                                        },
                                                        "communicator.exchange": {
                                                            "total": 3350.3009105999795,
                                                            "count": 31583,