{
    "name": "root",
    "gauges": {
        "RobotSumovsCube.Policy.Entropy.mean": {
            "value": 1.4097890853881836,
            "min": 1.408521294593811,
            "max": 1.4102866649627686,
            "count": 10
        },
        "RobotSumovsCube.Policy.ExtrinsicValueEstimate.mean": {
            "value": -0.014372650533914566,
            "min": -0.03236137703061104,
            "max": -0.014372650533914566,
            "count": 10
        },
        "RobotSumovsCube.Environment.EpisodeLength.mean": {
            "value": 979.14,
            "min": 879.7894736842105,
            "max": 979.14,
            "count": 10
        },
        "RobotSumovsCube.Environment.CumulativeReward.mean": {
            "value": -0.08,
            "min": -0.2727272727272727,
            "max": -0.05660377358490566,
            "count": 10
        },
        "RobotSumovsCube.Policy.ExtrinsicReward.mean": {
            "value": -0.08,
            "min": -0.2727272727272727,
            "max": -0.05660377358490566,
            "count": 10
        },
        "RobotSumovsCube.Losses.PolicyLoss.mean": {
            "value": 0.021175894385087306,
            "min": 0.021175894385087306,
            "max": 0.026750585184345255,
            "count": 10
        },
        "RobotSumovsCube.Losses.ValueLoss.mean": {
            "value": 0.0007097674190299586,
            "min": 0.0007097674190299586,
            "max": 0.0025050126020990625,
            "count": 10
        },
        "RobotSumovsCube.Policy.LearningRate.mean": {
            "value": 1.5809614730159995e-05,
            "min": 1.5809614730159995e-05,
            "max": 0.00028438215520595,
            "count": 10
        },
        "RobotSumovsCube.Policy.Epsilon.mean": {
            "value": 0.10526983999999999,
            "min": 0.10526983999999999,
            "max": 0.19479405,
            "count": 10
        },
        "RobotSumovsCube.Policy.Beta.mean": {
            "value": 0.00027296501599999995,
            "min": 0.00027296501599999995,
            "max": 0.004740223095,
            "count": 10
        },
        "RobotSumovsCube.IsTraining.mean": {
            "value": 1.0,
            "min": 1.0,
            "max": 1.0,
            "count": 10
        }
    },
    "metadata": {
        "timer_format_version": "0.1.0",
        "start_time_seconds": "1612178114",
        "python_version": "3.8.5 (default, Sep  3 2020, 21:29:08) [MSC v.1916 64 bit (AMD64)]",
        "command_line_arguments": "C:\\Users\\szczy\\Documents\\UnityProjects\\Mobile_robot_simulator\\venv\\Scripts\\mlagents-learn --run-id RobotSumovsCube8 --initialize-from RobotSumovsCube7",
        "mlagents_version": "0.23.0",
        "mlagents_envs_version": "0.23.0",
        "communication_protocol_version": "1.3.0",
        "pytorch_version": "1.7.1+cpu",
        "numpy_version": "1.18.5",
        "end_time_seconds": "1612181834"
    },
    "total": 3719.8619938,
    "count": 1,
    "self": 0.027546500000426022,
    "children": {
        "run_training.setup": {
            "total": 0.013289700000000071,
            "count": 1,
            "self": 0.013289700000000071
        },
        "TrainerController.start_learning": {
            "total": 3719.8211576,
            "count": 1,
            "self": 1.4012779999752638,
            "children": {
                "TrainerController._reset_env": {
                    "total": 7.7109779,
                    "count": 1,
                    "self": 7.7109779
                },
                "TrainerController.advance": {
                    "total": 3710.5271239000244,
                    "count": 31659,
                    "self": 0.7548578000801172,
                    "children": {
                        "env_step": {
                            "total": 3709.7722660999443,
                            "count": 31659,
                            "self": 3560.638400999909,
                            "children": {
                                "SubprocessEnvManager._take_step": {
                                    "total": 148.24754590002914,
                                    "count": 31659,
                                    "self": 4.013370699977912,
                                    "children": {
                                        "TorchPolicy.evaluate": {
                                            "total": 144.23417520005123,
                                            "count": 31277,
                                            "self": 26.065942800046102,
                                            "children": {
                                                "TorchPolicy.sample_actions": {
                                                    "total": 118.16823240000512,
                                                    "count": 31277,
                                                    "self": 118.16823240000512
                                                }
                                            }
                                        }
                                    }
                                },
                                "workers": {
                                    "total": 0.8863192000058984,
                                    "count": 31659,
                                    "self": 0.0,
                                    "children": {
                                        "worker_root": {
                                            "total": 3710.348773199986,
                                            "count": 31659,
                                            "is_parallel": true,
                                            "self": 248.03475799999933,
                                            "children": {
                                                "steps_from_proto": {
                                                    "total": 0.0006361999999997536,
                                                    "count": 1,
                                                    "is_parallel": true,
                                                    "self": 0.00026939999999875397,
                                                    "children": {
                                                        "_process_vector_observation": {
                                                            "total": 0.00036680000000099966,
                                                            "count": 2,
                                                            "is_parallel": true,
                                                            "self": 0.00036680000000099966
                                                        }
                                                    }
                                                },
                                                "UnityEnvironment.step": {
                                                    "total": 3462.313378999987,
                                                    "count": 31659,
                                                    "is_parallel": true,
                                                    "self": 5.927655199993751,
                                                    "children": {
                                                        "UnityEnvironment._generate_step_input": {
                                                            "total": 65.57551449999985,
                                                            "count": 31659,
                                                            "is_parallel": true,
                                                            "self": 65.57551449999985
                                                        },
                                                        "communicator.exchange": {
                                                            "total": 3365.461125899995,
                                                            "count": 31659,