{
    "name": "root",
    "metadata": {
        "timer_format_version": "0.1.0",
        "start_time_seconds": "1610707348",
        "python_version": "3.8.5 (default, Sep  3 2020, 21:29:08) [MSC v.1916 64 bit (AMD64)]",
        "command_line_arguments": "C:\\Users\\szczy\\Documents\\UnityProjects\\Mobile_robot_simulator\\venv\\Scripts\\mlagents-learn --run-id=Test5",
        "mlagents_version": "0.23.0",
        "mlagents_envs_version": "0.23.0",
        "communication_protocol_version": "1.3.0",
        "pytorch_version": "1.7.1+cpu",
        "numpy_version": "1.18.5",
        "end_time_seconds": "1610707397"
    },
    "total": 48.6425669,
    "count": 1,
    "self": 0.007902299999990703,
    "children": {
        "run_training.setup": {
            "total": 0.009724300000000019,
            "count": 1,
            "self": 0.009724300000000019
        },
        "TrainerController.start_learning": {
            "total": 48.624940300000006,
            "count": 1,
            "self": 0.09480439999993706,
            "children": {
                "TrainerController._reset_env": {
                    "total": 7.339040000000001,
                    "count": 1,
                    "self": 7.339040000000001
                },
                "TrainerController.advance": {
                    "total": 40.791646400000076,
                    "count": 1661,
                    "self": 0.04474110000007414,
                    "children": {
                        "env_step": {
                            "total": 40.7469053,
                            "count": 1661,
                            "self": 31.533390699999963,
                            "children": {
                                "SubprocessEnvManager._take_step": {
                                    "total": 9.163843100000122,
                                    "count": 1661,
                                    "self": 0.322039099999909,
                                    "children": {
                                        "TorchPolicy.evaluate": {
                                            "total": 8.841804000000213,
                                            "count": 3322,
                                            "self": 2.101801000000327,
                                            "children": {
                                                "TorchPolicy.sample_actions": {
                                                    "total": 6.740002999999886,
                                                    "count": 3322,
                                                    "self": 6.740002999999886
                                                }
                                            }
                                        }
                                    }
                                },
                                "workers": {
                                    "total": 0.04967149999991527,
                                    "count": 1660,
                                    "self": 0.0,
                                    "children": {
                                        "worker_root": {
                                            "total": 40.764738200000046,
                                            "count": 1660,
                                            "is_parallel": true,
                                            "self": 12.855115100000024,
                                            "children": {
                                                "steps_from_proto": {
                                                    "total": 0.0012084000000003314,
                                                    "count": 2,
                                                    "is_parallel": true,
                                                    "self": 0.0007752999999999233,
                                                    "children": {
                                                        "_process_vector_observation": {
                                                            "total": 0.00043310000000040816,
                                                            "count": 4,
                                                            "is_parallel": true,
                                                            "self": 0.00043310000000040816
                                                        }
                                                    }
                                                },
                                                "UnityEnvironment.step": {
                                                    "total": 27.908414700000023,
                                                    "count": 1660,
                                                    "is_parallel": true,
                                                    "self": 0.26564210000007193,
                                                    "children": {
                                                        "UnityEnvironment._generate_step_input": {
                                                            "total": 0.8911651000000784,
                                                            "count": 1660,
                                                            "is_parallel": true,
                                                            "self": 0.8911651000000784
                                                        },
                                                        "communicator.exchange": {
                                                            "total": 25.549104899999914,
                                                            "count": 1660,
                                                            "is_parallel": true,
                                                            "self": 25.549104899999914
                                                        },
                                                        "steps_from_proto": {
                                                            "total": 1.20250259999996,
                                                            "count": 3320,
                                                            "is_parallel": true,
                                                            "self": 0.7660644000001344,
                                                            "children": {
                                                                "_process_vector_observation": {
                                                                    "total": 0.43643819999982547,
                                                                    "count": 6640,
                                                                    "is_parallel": true,
                                                                    "self": 0.43643819999982547
                                                                }
                                                            }
                                                        }
                                                    }
                                                }
                                            }
                                        }
                                    }
                                }
                            }
                        }
                    }
                },
                "trainer_threads": {
                    "total": 0.00011800000000050659,
                    "count": 1,
                    "self": 0.00011800000000050659,
                    "children": {
                        "thread_root": {
                            "total": 0.0,
                            "count": 0,
                            "is_parallel": true,
                            "self": 0.0,
                            "children": {
                                "trainer_advance": {
                                    "total": 81.64190560000014,