{
    "name": "root",
    "gauges": {
        "RobotSumovsCubeFL.Policy.Entropy.mean": {
            "value": 1.4490101337432861,
            "min": 1.4361428022384644,
            "max": 1.449398159980774,
            "count": 10
        },
        "RobotSumovsCubeFL.Environment.EpisodeLength.mean": {
            "value": 742.7076923076924,
            "min": 695.6307692307693,
            "max": 797.8307692307692,
            "count": 10
        },
        "RobotSumovsCubeFL.Policy.ExtrinsicValueEstimate.mean": {
            "value": 0.32372942566871643,
            "min": 0.022089412435889244,
            "max": 0.3329951763153076,
            "count": 10
        },
        "RobotSumovsCubeFL.Environment.CumulativeReward.mean": {
            "value": 2.5507693415650956,
            "min": 0.03230770046894367,
            "max": 3.2319446177118354,
            "count": 10
        },
        "RobotSumovsCubeFL.Policy.ExtrinsicReward.mean": {
            "value": 2.5507693415650956,
            "min": 0.03230770046894367,
            "max": 3.2319446177118354,
            "count": 10
        },
        "RobotSumovsCubeFL.Losses.PolicyLoss.mean": {
            "value": 0.022151380283467005,
            "min": 0.021847451679738394,
            "max": 0.026050901285489085,
            "count": 10
        },
        "RobotSumovsCubeFL.Losses.ValueLoss.mean": {
            "value": 0.042071601636707784,
            "min": 0.007922192420422408,
            "max": 0.0546806360129267,
            "count": 10
        },
        "RobotSumovsCubeFL.Policy.LearningRate.mean": {
            "value": 1.59738946754e-05,
            "min": 1.59738946754e-05,
            "max": 0.0002844291051903,
            "count": 10
        },
        "RobotSumovsCubeFL.Policy.Epsilon.mean": {
            "value": 0.10532459999999999,
            "min": 0.10532459999999999,
            "max": 0.1948097,
            "count": 10
        },
        "RobotSumovsCubeFL.Policy.Beta.mean": {
            "value": 0.00027569753999999994,
            "min": 0.00027569753999999994,
            "max": 0.004741004030000001,
            "count": 10
        },
        "RobotSumovsCubeFL.IsTraining.mean": {
            "value": 1.0,
            "min": 1.0,
            "max": 1.0,
            "count": 10
        }
    },
    "metadata": {
        "timer_format_version": "0.1.0",
        "start_time_seconds": "1621099159",
        "python_version": "3.8.5 (default, Sep  3 2020, 21:29:08) [MSC v.1916 64 bit (AMD64)]",
        "command_line_arguments": "C:\\Users\\szczy\\Documents\\UnityProjects\\Mobile_robot_simulator\\venv\\Scripts\\mlagents-learn --run-id RobotSumoVsCubeFL2 --initialize-from RobotSumoVsCubeFL --force",
        "mlagents_version": "0.23.0",
        "mlagents_envs_version": "0.23.0",
        "communication_protocol_version": "1.3.0",
        "pytorch_version": "1.7.1+cpu",
        "numpy_version": "1.18.5",
        "end_time_seconds": "1621106133"
    },
    "total": 6974.325889199999,
    "count": 1,
    "self": 0.014418999999179505,
    "children": {
        "run_training.setup": {
            "total": 0.04310309999999973,
            "count": 1,
            "self": 0.04310309999999973
        },
        "TrainerController.start_learning": {
            "total": 6974.2683671,
            "count": 1,
            "self": 1.0949821999165579,
            "children": {
                "TrainerController._reset_env": {
                    "total": 9.3386982,
                    "count": 1,
                    "self": 9.3386982
                },
                "TrainerController.advance": {
                    "total": 6963.702085500084,
                    "count": 31783,
                    "self": 0.5669013000415362,
                    "children": {
                        "env_step": {
                            "total": 6963.135184200042,
                            "count": 31783,
                            "self": 6878.141555400088,
                            "children": {
                                "SubprocessEnvManager._take_step": {
                                    "total": 84.36444759993215,
                                    "count": 31783,
                                    "self": 3.0974616000172546,
                                    "children": {
                                        "TorchPolicy.evaluate": {
                                            "total": 81.2669859999149,
                                            "count": 31281,
                                            "self": 19.163444599925143,
                                            "children": {
                                                "TorchPolicy.sample_actions": {
                                                    "total": 62.10354139998975,
                                                    "count": 31281,
                                                    "self": 62.10354139998975
                                                }
                                            }
                                        }
                                    }
                                },
                                "workers": {
                                    "total": 0.6291812000221579,
                                    "count": 31783,
                                    "self": 0.0,
                                    "children": {
                                        "worker_root": {
                                            "total": 6963.622953000011,
                                            "count": 31783,
                                            "is_parallel": true,
                                            "self": 161.72999109999,
                                            "children": {
                                                "steps_from_proto": {
                                                    "total": 0.0009683000000002551,
                                                    "count": 1,
                                                    "is_parallel": true,
                                                    "self": 0.0004732000000018388,
                                                    "children": {
                                                        "_process_vector_observation": {
                                                            "total": 0.0004950999999984163,
                                                            "count": 2,
                                                            "is_parallel": true,
                                                            "self": 0.0004950999999984163
                                                        }
                                                    }
                                                },
                                                "UnityEnvironment.step": {
                                                    "total": 6801.891993600021,
                                                    "count": 31783,
                                                    "is_parallel": true,
                                                    "self": 4.427363999907357,
                                                    "children": {
                                                        "UnityEnvironment._generate_step_input": {
                                                            "total": 61.10238810008566,
                                                            "count": 31783,
                                                            "is_parallel": true,
                                                            "self": 61.10238810008566
                                                        },
                                                        "communicator.exchange": {
                                                            "total": 6719.020063000012,