{
    "name": "root",
    "gauges": {
        "RobotSumoVsCubeWL.Policy.Entropy.mean": {
            "value": 1.5007699728012085,
            "min": 1.4612634181976318,
            "max": 1.5007699728012085,
            "count": 10
        },
        "RobotSumoVsCubeWL.Policy.ExtrinsicValueEstimate.mean": {
            "value": 33.25765609741211,
            "min": 17.860204696655273,
            "max": 35.672508239746094,
            "count": 10
        },
        "RobotSumoVsCubeWL.Environment.EpisodeLength.mean": {
            "value": 251.44897959183675,
            "min": 218.65217391304347,
            "max": 801.1612903225806,
            "count": 10
        },
        "RobotSumoVsCubeWL.Environment.CumulativeReward.mean": {
            "value": 349.09268998126595,
            "min": 343.7320061665514,
            "max": 1904.329094256124,
            "count": 10
        },
        "RobotSumoVsCubeWL.Policy.ExtrinsicReward.mean": {
            "value": 349.09268998126595,
            "min": 343.7320061665514,
            "max": 1904.329094256124,
            "count": 10
        },
        "RobotSumoVsCubeWL.Losses.PolicyLoss.mean": {
            "value": 0.024957358513687113,
            "min": 0.021874017898638465,
            "max": 0.027371847281077256,
            "count": 10
        },
        "RobotSumoVsCubeWL.Losses.ValueLoss.mean": {
            "value": 844.2984501139323,
            "min": 555.3974274953207,
            "max": 1391.5174491373696,
            "count": 10
        },
        "RobotSumoVsCubeWL.Policy.LearningRate.mean": {
            "value": 1.559553480151999e-05,
            "min": 1.559553480151999e-05,
            "max": 0.0002845302051566,
            "count": 10
        },
        "RobotSumoVsCubeWL.Policy.Epsilon.mean": {
            "value": 0.10519848000000001,
            "min": 0.10519848000000001,
            "max": 0.1948434,
            "count": 10
        },
        "RobotSumoVsCubeWL.Policy.Beta.mean": {
            "value": 0.000269404152,
            "min": 0.000269404152,
            "max": 0.004742685660000001,
            "count": 10
        },
        "RobotSumoVsCubeWL.IsTraining.mean": {
            "value": 1.0,
            "min": 1.0,
            "max": 1.0,
            "count": 10
        }
    },
    "metadata": {
        "timer_format_version": "0.1.0",
        "start_time_seconds": "1621873363",
        "python_version": "3.8.5 (default, Sep  3 2020, 21:29:08) [MSC v.1916 64 bit (AMD64)]",
        "command_line_arguments": "C:\\Users\\szczy\\Documents\\UnityProjects\\Mobile_robot_simulator\\venv\\Scripts\\mlagents-learn --run-id RobotSumoVsSumoWL --initialize-from RobotSumoVsCubeWL2New --force",
        "mlagents_version": "0.23.0",
        "mlagents_envs_version": "0.23.0",
        "communication_protocol_version": "1.3.0",
        "pytorch_version": "1.7.1+cpu",
        "numpy_version": "1.18.5",
        "end_time_seconds": "1621882931"
    },
    "total": 9567.990305700001,
    "count": 1,
    "self": 0.01468840000234195,
    "children": {
        "run_training.setup": {
            "total": 0.014364299999999997,
            "count": 1,
            "self": 0.014364299999999997
        },
        "TrainerController.start_learning": {
            "total": 9567.961253,
            "count": 1,
            "self": 4.256070100043871,
            "children": {
                "TrainerController._reset_env": {
                    "total": 5.1804889,
                    "count": 1,
                    "self": 5.1804889
                },
                "TrainerController.advance": {
                    "total": 9558.405307699955,
                    "count": 82778,
                    "self": 2.160548699914216,
                    "children": {
                        "env_step": {
                            "total": 9556.244759000041,
                            "count": 82778,
                            "self": 9290.443128300098,
                            "children": {
                                "SubprocessEnvManager._take_step": {
                                    "total": 263.4750500999999,
                                    "count": 82778,
                                    "self": 8.262776299861144,
                                    "children": {
                                        "TorchPolicy.evaluate": {
                                            "total": 255.21227380013877,
                                            "count": 82158,
                                            "self": 55.60183680004579,
                                            "children": {
                                                "TorchPolicy.sample_actions": {
                                                    "total": 199.610437000093,
                                                    "count": 82158,
                                                    "self": 199.610437000093
                                                }
                                            }
                                        }
                                    }
                                },
                                "workers": {
                                    "total": 2.326580599942912,
                                    "count": 82778,
                                    "self": 0.0,
                                    "children": {
                                        "worker_root": {
                                            "total": 9558.343080300077,
                                            "count": 82778,
                                            "is_parallel": true,
                                            "self": 449.7152608001161,
                                            "children": {
                                                "steps_from_proto": {
                                                    "total": 0.0007622000000004903,
                                                    "count": 1,
                                                    "is_parallel": true,
                                                    "self": 0.000396500000000799,
                                                    "children": {
                                                        "_process_vector_observation": {
                                                            "total": 0.00036569999999969127,
                                                            "count": 2,
                                                            "is_parallel": true,
                                                            "self": 0.00036569999999969127
                                                        }
                                                    }
                                                },
                                                "UnityEnvironment.step": {
                                                    "total": 9108.627057299962,
                                                    "count": 82778,
                                                    "is_parallel": true,
                                                    "self": 10.836966999864671,
                                                    "children": {
                                                        "UnityEnvironment._generate_step_input": {
                                                            "total": 64.63110370000994,
                                                            "count": 82778,
                                                            "is_parallel": true,
                                                            "self": 64.63110370000994
                                                        },
                                                        "communicator.exchange": {
                                                            "total": 8993.07597010013,
                                                            "count": 82778,