{
    "name": "root",
    "gauges": {
        "RobotSumovsCube.Policy.Entropy.mean": {
            "value": 1.4005340337753296,
            "min": 1.3967543840408325,
            "max": 1.4032883644104004,
            "count": 10
        },
        "RobotSumovsCube.Policy.ExtrinsicValueEstimate.mean": {
            "value": -0.04171006754040718,
            "min": -0.04171006754040718,
            "max": 0.02140420489013195,
            "count": 10
        },
        "RobotSumovsCube.Environment.EpisodeLength.mean": {
            "value": 764.6716417910447,
            "min": 759.3939393939394,
            "max": 918.5510204081633,
            "count": 10
        },
        "RobotSumovsCube.Environment.CumulativeReward.mean": {
            "value": -0.40298507462686567,
            "min": -0.4696969696969697,
            "max": -0.16326530612244897,
            "count": 10
        },
        "RobotSumovsCube.Policy.ExtrinsicReward.mean": {
            "value": -0.40298507462686567,
            "min": -0.4696969696969697,
            "max": -0.16326530612244897,
            "count": 10
        },
        "RobotSumovsCube.Losses.PolicyLoss.mean": {
            "value": 0.023664329990181913,
            "min": 0.020569741424988026,
            "max": 0.026949852189136436,
            "count": 10
        },
        "RobotSumovsCube.Losses.ValueLoss.mean": {
            "value": 0.005089554907754064,
            "min": 0.002715481928316876,
            "max": 0.00889610507292673,
            "count": 10
        },
        "RobotSumovsCube.Policy.LearningRate.mean": {
            "value": 1.5525574824839994e-05,
            "min": 1.5525574824839994e-05,
            "max": 0.00028427655524115,
            "count": 10
        },
        "RobotSumovsCube.Policy.Epsilon.mean": {
            "value": 0.10517515999999998,
            "min": 0.10517515999999998,
            "max": 0.19475884999999993,
            "count": 10
        },
        "RobotSumovsCube.Policy.Beta.mean": {
            "value": 0.00026824048399999996,
            "min": 0.00026824048399999996,
            "max": 0.004738466615,
            "count": 10
        },
        "RobotSumovsCube.IsTraining.mean": {
            "value": 1.0,
            "min": 1.0,
            "max": 1.0,
            "count": 10
        }
    },
    "metadata": {
        "timer_format_version": "0.1.0",
        "start_time_seconds": "1612106079",
        "python_version": "3.8.5 (default, Sep  3 2020, 21:29:08) [MSC v.1916 64 bit (AMD64)]",
        "command_line_arguments": "C:\\Users\\szczy\\Documents\\UnityProjects\\Mobile_robot_simulator\\venv\\Scripts\\mlagents-learn --run-id RobotSumovsCube3 --initialize-from RobotSumovsCube2 --force",
        "mlagents_version": "0.23.0",
        "mlagents_envs_version": "0.23.0",
        "communication_protocol_version": "1.3.0",
        "pytorch_version": "1.7.1+cpu",
        "numpy_version": "1.18.5",
        "end_time_seconds": "1612110707"
    },
    "total": 4628.9710371,
    "count": 1,
    "self": 0.009724000000460364,
    "children": {
        "run_training.setup": {
            "total": 0.013843400000000061,
            "count": 1,
            "self": 0.013843400000000061
        },
        "TrainerController.start_learning": {
            "total": 4628.9474697,
            "count": 1,
            "self": 1.3283753000259821,
            "children": {
                "TrainerController._reset_env": {
                    "total": 11.9661658,
                    "count": 1,
                    "self": 11.9661658
                },
                "TrainerController.advance": {
                    "total": 4615.473604699973,
                    "count": 31734,
                    "self": 0.7335899000318022,
                    "children": {
                        "env_step": {
                            "total": 4614.7400147999415,
                            "count": 31734,
                            "self": 4485.916279699912,
                            "children": {
                                "SubprocessEnvManager._take_step": {
                                    "total": 127.98507959998614,
                                    "count": 31734,
                                    "self": 3.9707495000250788,
                                    "children": {
                                        "TorchPolicy.evaluate": {
                                            "total": 124.01433009996106,
                                            "count": 31291,
                                            "self": 23.654598099958633,
                                            "children": {
                                                "TorchPolicy.sample_actions": {
                                                    "total": 100.35973200000242,
                                                    "count": 31291,
                                                    "self": 100.35973200000242
                                                }
                                            }
                                        }
                                    }
                                },
                                "workers": {
                                    "total": 0.8386555000432914,
                                    "count": 31734,
                                    "self": 0.0,
                                    "children": {
                                        "worker_root": {
                                            "total": 4615.500811799989,
                                            "count": 31734,
                                            "is_parallel": true,
                                            "self": 221.66047870003695,
                                            "children": {
                                                "steps_from_proto": {
                                                    "total": 0.0006385999999984904,
                                                    "count": 1,
                                                    "is_parallel": true,
                                                    "self": 0.0002738000000004348,
                                                    "children": {
                                                        "_process_vector_observation": {
                                                            "total": 0.00036479999999805557,
                                                            "count": 2,
                                                            "is_parallel": true,
                                                            "self": 0.00036479999999805557
                                                        }
                                                    }
                                                },
                                                "UnityEnvironment.step": {
                                                    "total": 4393.839694499952,
                                                    "count": 31734,
                                                    "is_parallel": true,
                                                    "self": 4.6480994998628375,
                                                    "children": {
                                                        "UnityEnvironment._generate_step_input": {
                                                            "total": 59.053116200066015,
                                                            "count": 31734,
                                                            "is_parallel": true,
                                                            "self": 59.053116200066015
                                                        },
                                                        "communicator.exchange": {
                                                            "total": 4307.769901500041,