{"count":1,"self":6271.3069568,"total":7960.9458655,"children":{"InitializeActuators":{"count":32,"self":0.0030231999999999998,"total":0.0030231999999999998,"children":null},"InitializeSensors":{"count":32,"self":0.0019947999999999997,"total":0.0019947999999999997,"children":null},"AgentSendState":{"count":156421,"self":35.0083584,"total":118.9586703,"children":{"CollectObservations":{"count":1001120,"self":10.0913416,"total":10.0913415,"children":null},"WriteActionMask":{"count":1001120,"self":9.5493352,"total":9.5493353,"children":null},"RequestDecision":{"count":1001120,"self":28.513990399999997,"total":64.3096346,"children":{"AgentInfo.ToProto":{"count":1001120,"self":20.9484048,"total":35.7956435,"children":{"GenerateSensorData":{"count":1001120,"self":14.8472384,"total":14.847238899999999,"children":null}}}}}}},"DecideAction":{"count":156421,"self":1559.4006528,"total":1559.4006095,"children":null},"AgentAct":{"count":156421,"self":11.18444,"total":11.2074432,"children":{"AgentInfo.ToProto":{"count":524,"self":0.011031299999999999,"total":0.0230028,"children":{"GenerateSensorData":{"count":524,"self":0.0119715,"total":0.0119715,"children":null}}}}},"AgentInfo.ToProto":{"count":904,"self":0.0465144,"total":0.065305599999999991,"children":{"GenerateSensorData":{"count":904,"self":0.018791199999999997,"total":0.018791199999999997,"children":null}}}},"gauges":{"RobotSumo2.CumulativeReward":{"count":714,"max":1.9930464,"min":-1.9460007,"runningAverage":0.353963,"value":-1.89900136,"weightedAverage":-0.246258274},"RobotSumo1.CumulativeReward":{"count":714,"max":1.75103509,"min":-1.95400059,"runningAverage":0.158821508,"value":1.07300341,"weightedAverage":0.2104155}},"metadata":{"timer_format_version":"0.1.0","start_time_seconds":"1611912996","unity_version":"2020.2.1f1","command_line_arguments":"C:\\Program Files\\Unity\\Hub\\Editor\\2020.2.1f1\\Editor\\Unity.exe -projectpath C:\/Users\/szczy\/Documents\/UnityProjects\/Mobile_robot_simulator -useHub -hubIPC -cloudEnvironment production -hubSessionId a3679f70-6213-11eb-a339-c398228f0371 -accessToken PQmfj9hhQA10il9SIryBU21cVVF27NYfZjE5LatRhQQ007f","communication_protocol_version":"1.3.0","com.unity.ml-agents_version":"1.7.2-preview","scene_name":"MLAgentVsMLAgent","end_time_seconds":"1611920957"}}