{"count":1,"self":24.0326368,"total":25.996397899999998,"children":{"InitializeActuators":{"count":6,"self":0.0029944999999999998,"total":0.0029944999999999998,"children":null},"InitializeSensors":{"count":6,"self":0.0009976,"total":0.0009976,"children":null},"AgentSendState":{"count":1037,"self":0.0389249,"total":0.0818327,"children":{"CollectObservations":{"count":1248,"self":0.0108895,"total":0.0108895,"children":null},"WriteActionMask":{"count":1248,"self":0.0059911999999999995,"total":0.0059911999999999995,"children":null},"RequestDecision":{"count":1248,"self":0.026027099999999997,"total":0.026027099999999997,"children":null}}},"DecideAction":{"count":1037,"self":1.8650236,"total":1.8650235,"children":null},"AgentAct":{"count":1037,"self":0.011914099999999999,"total":0.011914099999999999,"children":null}},"gauges":{"RobotSumovsCubeWL.CumulativeReward":{"count":3,"max":-0.0129999649,"min":-0.0159999859,"runningAverage":-0.0143333208,"value":-0.0129999649,"weightedAverage":-0.0141249951}},"metadata":{"timer_format_version":"0.1.0","start_time_seconds":"1621847776","unity_version":"2020.2.1f1","command_line_arguments":"C:\\Program Files\\Unity\\Hub\\Editor\\2020.2.1f1\\Editor\\Unity.exe -projectpath C:\/Users\/szczy\/Documents\/UnityProjects\/Mobile_robot_simulator -useHub -hubIPC -cloudEnvironment production -hubSessionId 41f50000-bba7-11eb-ab08-53b133cffeb2 -accessToken s0sZiF6VO52S-CCO8-8csy6jpaAXoVSYNAD6Rx4FiYQ012f","communication_protocol_version":"1.3.0","com.unity.ml-agents_version":"1.7.2-preview","scene_name":"WLRobotSumo","end_time_seconds":"1621847802"}}