{"count":1,"self":1714.0928511999998,"total":2099.8415689,"children":{"InitializeActuators":{"count":6,"self":0.0019778,"total":0.0019778,"children":null},"InitializeSensors":{"count":6,"self":0.0020019,"total":0.0020019,"children":null},"AgentSendState":{"count":112746,"self":7.4378128,"total":21.322494799999998,"children":{"CollectObservations":{"count":135300,"self":1.6358754999999998,"total":1.6358754999999998,"children":null},"WriteActionMask":{"count":135300,"self":1.4895024,"total":1.4895024,"children":null},"RequestDecision":{"count":135300,"self":4.9887768,"total":10.7593037,"children":{"AgentInfo.ToProto":{"count":135300,"self":3.096564,"total":5.7705269999999995,"children":{"GenerateSensorData":{"count":135300,"self":2.673963,"total":2.673963,"children":null}}}}}}},"DecideAction":{"count":112746,"self":361.24628479999996,"total":361.24629699999997,"children":null},"AgentAct":{"count":112746,"self":3.160482,"total":3.1649890999999997,"children":{"AgentInfo.ToProto":{"count":95,"self":0.0035093999999999998,"total":0.004507,"children":{"GenerateSensorData":{"count":95,"self":0.0009976,"total":0.0009976,"children":null}}}}},"AgentInfo.ToProto":{"count":190,"self":0.0059778,"total":0.0099728,"children":{"GenerateSensorData":{"count":190,"self":0.0039949999999999994,"total":0.0039949999999999994,"children":null}}}},"gauges":{"RobotSumovsCubeWLLSTM.CumulativeReward":{"count":285,"max":4.13200045,"min":-2.27301264,"runningAverage":-0.9117068,"value":-0.922000051,"weightedAverage":-1.20165634}},"metadata":{"timer_format_version":"0.1.0","start_time_seconds":"1622486969","unity_version":"2020.2.1f1","command_line_arguments":"C:\\Program Files\\Unity\\Hub\\Editor\\2020.2.1f1\\Editor\\Unity.exe -projectpath C:\/Users\/szczy\/Documents\/UnityProjects\/Mobile_robot_simulator -useHub -hubIPC -cloudEnvironment production -hubSessionId 63cb42f0-c211-11eb-8da3-d344db3a8ce7 -accessToken opwDHW14Et5MqfP_fnbBly4---kZCdWhm8BtN7u3qxA012f","communication_protocol_version":"1.3.0","com.unity.ml-agents_version":"1.7.2-preview","scene_name":"WLRobotSumoLSTM","end_time_seconds":"1622489068"}}