{
    "name": "root",
    "metadata": {
        "timer_format_version": "0.1.0",
        "start_time_seconds": "1610707053",
        "python_version": "3.8.5 (default, Sep  3 2020, 21:29:08) [MSC v.1916 64 bit (AMD64)]",
        "command_line_arguments": "C:\\Users\\szczy\\Documents\\UnityProjects\\Mobile_robot_simulator\\venv\\Scripts\\mlagents-learn --run-id=Test4",
        "mlagents_version": "0.23.0",
        "mlagents_envs_version": "0.23.0",
        "communication_protocol_version": "1.3.0",
        "pytorch_version": "1.7.1+cpu",
        "numpy_version": "1.18.5",
        "end_time_seconds": "1610707138"
    },
    "total": 85.1105376,
    "count": 1,
    "self": 0.007252100000002315,
    "children": {
        "run_training.setup": {
            "total": 0.009681400000000062,
            "count": 1,
            "self": 0.009681400000000062
        },
        "TrainerController.start_learning": {
            "total": 85.0936041,
            "count": 1,
            "self": 0.22141009999963046,
            "children": {
                "TrainerController._reset_env": {
                    "total": 7.4225687,
                    "count": 1,
                    "self": 7.4225687
                },
                "TrainerController.advance": {
                    "total": 77.14566710000035,
                    "count": 4267,
                    "self": 0.10183520000036594,
                    "children": {
                        "env_step": {
                            "total": 77.04383189999999,
                            "count": 4267,
                            "self": 56.15945980000028,
                            "children": {
                                "SubprocessEnvManager._take_step": {
                                    "total": 20.773567000000018,
                                    "count": 4267,
                                    "self": 0.7148072000001129,
                                    "children": {
                                        "TorchPolicy.evaluate": {
                                            "total": 20.058759799999905,
                                            "count": 8534,
                                            "self": 4.755846999999541,
                                            "children": {
                                                "TorchPolicy.sample_actions": {
                                                    "total": 15.302912800000364,
                                                    "count": 8534,
                                                    "self": 15.302912800000364
                                                }
                                            }
                                        }
                                    }
                                },
                                "workers": {
                                    "total": 0.11080509999969479,
                                    "count": 4266,
                                    "self": 0.0,
                                    "children": {
                                        "worker_root": {
                                            "total": 77.13751140000049,
                                            "count": 4266,
                                            "is_parallel": true,
                                            "self": 28.93914170000002,
                                            "children": {
                                                "steps_from_proto": {
                                                    "total": 0.0006839000000002926,
                                                    "count": 2,
                                                    "is_parallel": true,
                                                    "self": 0.00037010000000048393,
                                                    "children": {
                                                        "_process_vector_observation": {
                                                            "total": 0.0003137999999998087,
                                                            "count": 4,
                                                            "is_parallel": true,
                                                            "self": 0.0003137999999998087
                                                        }
                                                    }
                                                },
                                                "UnityEnvironment.step": {
                                                    "total": 48.19768580000047,
                                                    "count": 4266,
                                                    "is_parallel": true,
                                                    "self": 0.5919132000008034,
                                                    "children": {
                                                        "UnityEnvironment._generate_step_input": {
                                                            "total": 1.9350106000003118,
                                                            "count": 4266,
                                                            "is_parallel": true,
                                                            "self": 1.9350106000003118
                                                        },
                                                        "communicator.exchange": {
                                                            "total": 43.0036715999999,
                                                            "count": 4266,
                                                            "is_parallel": true,
                                                            "self": 43.0036715999999
                                                        },
                                                        "steps_from_proto": {
                                                            "total": 2.6670903999994584,
                                                            "count": 8532,
                                                            "is_parallel": true,
                                                            "self": 1.684440099999362,
                                                            "children": {
                                                                "_process_vector_observation": {
                                                                    "total": 0.9826503000000963,
                                                                    "count": 17064,
                                                                    "is_parallel": true,
                                                                    "self": 0.9826503000000963
                                                                }
                                                            }
                                                        }
                                                    }
                                                }
                                            }
                                        }
                                    }
                                }
                            }
                        }
                    }
                },
                "trainer_threads": {
                    "total": 6.310000000553373e-05,
                    "count": 1,
                    "self": 6.310000000553373e-05,
                    "children": {
                        "thread_root": {
                            "total": 0.0,
                            "count": 0,
                            "is_parallel": true,
                            "self": 0.0,
                            "children": {
                                "trainer_advance": {
                                    "total": 154.52194650000007,