{
    "name": "root",
    "gauges": {
        "RobotSumoWLchangeSensor.Policy.Entropy.mean": {
            "value": 1.449749231338501,
            "min": 1.449749231338501,
            "max": 1.4632786512374878,
            "count": 10
        },
        "RobotSumoWLchangeSensor.Environment.EpisodeLength.mean": {
            "value": 683.1764705882352,
            "min": 405.86,
            "max": 683.1764705882352,
            "count": 10
        },
        "RobotSumoWLchangeSensor.Policy.ExtrinsicValueEstimate.mean": {
            "value": 29.066211700439453,
            "min": 21.168237686157227,
            "max": 29.066211700439453,
            "count": 10
        },
        "RobotSumoWLchangeSensor.Environment.CumulativeReward.mean": {
            "value": 290.25156900812595,
            "min": 166.69025301933289,
            "max": 290.25156900812595,
            "count": 10
        },
        "RobotSumoWLchangeSensor.Policy.ExtrinsicReward.mean": {
            "value": 290.25156900812595,
            "min": 166.69025301933289,
            "max": 290.25156900812595,
            "count": 10
        },
        "RobotSumoWLchangeSensor.Losses.PolicyLoss.mean": {
            "value": 0.024632161565871988,
            "min": 0.021422203153585236,
            "max": 0.026003399018081835,
            "count": 10
        },
        "RobotSumoWLchangeSensor.Losses.ValueLoss.mean": {
            "value": 8.625452772776285,
            "min": 8.625452772776285,
            "max": 13.667236334482828,
            "count": 10
        },
        "RobotSumoWLchangeSensor.Policy.LearningRate.mean": {
            "value": 1.4988575003840003e-05,
            "min": 1.4988575003840003e-05,
            "max": 0.00028456830514389997,
            "count": 10
        },
        "RobotSumoWLchangeSensor.Policy.Epsilon.mean": {
            "value": 0.10499615999999998,
            "min": 0.10499615999999998,
            "max": 0.1948561,
            "count": 10
        },
        "RobotSumoWLchangeSensor.Policy.Beta.mean": {
            "value": 0.0002593083840000001,
            "min": 0.0002593083840000001,
            "max": 0.00474331939,
            "count": 10
        },
        "RobotSumoWLchangeSensor.IsTraining.mean": {
            "value": 1.0,
            "min": 1.0,
            "max": 1.0,
            "count": 10
        }
    },
    "metadata": {
        "timer_format_version": "0.1.0",
        "start_time_seconds": "1623226516",
        "python_version": "3.8.5 (default, Sep  3 2020, 21:29:08) [MSC v.1916 64 bit (AMD64)]",
        "command_line_arguments": "C:\\Users\\szczy\\Documents\\UnityProjects\\Mobile_robot_simulator\\venv\\Scripts\\mlagents-learn --run-id RobotSumoWL_40SD_6FOV_Etap2 --initialize-from RobotSumoWL_40SD_6FOV",
        "mlagents_version": "0.23.0",
        "mlagents_envs_version": "0.23.0",
        "communication_protocol_version": "1.3.0",
        "pytorch_version": "1.7.1+cpu",
        "numpy_version": "1.18.5",
        "end_time_seconds": "1623230091"
    },
    "total": 3574.013419,
    "count": 1,
    "self": 0.017205899999680696,
    "children": {
        "run_training.setup": {
            "total": 0.010746200000000039,
            "count": 1,
            "self": 0.010746200000000039
        },
        "TrainerController.start_learning": {
            "total": 3573.9854669,
            "count": 1,
            "self": 0.5431240000048092,
            "children": {
                "TrainerController._reset_env": {
                    "total": 8.236688000000001,
                    "count": 1,
                    "self": 8.236688000000001
                },
                "TrainerController.advance": {
                    "total": 3565.091273199995,
                    "count": 16002,
                    "self": 0.27378660000567834,
                    "children": {
                        "env_step": {
                            "total": 3564.8174865999895,
                            "count": 16002,
                            "self": 3503.92479899997,
                            "children": {
                                "SubprocessEnvManager._take_step": {
                                    "total": 60.599140200015846,
                                    "count": 16002,
                                    "self": 1.5340316000177765,
                                    "children": {
                                        "TorchPolicy.evaluate": {
                                            "total": 59.06510859999807,
                                            "count": 15662,
                                            "self": 12.426428700021077,
                                            "children": {
                                                "TorchPolicy.sample_actions": {
                                                    "total": 46.63867989997699,
                                                    "count": 15662,
                                                    "self": 46.63867989997699
                                                }
                                            }
                                        }
                                    }
                                },
                                "workers": {
                                    "total": 0.2935474000035718,
                                    "count": 16002,
                                    "self": 0.0,
                                    "children": {
                                        "worker_root": {
                                            "total": 3565.0130061000004,
                                            "count": 16002,
                                            "is_parallel": true,
                                            "self": 118.75322150003558,
                                            "children": {
                                                "steps_from_proto": {
                                                    "total": 0.0008754999999993629,
                                                    "count": 1,
                                                    "is_parallel": true,
                                                    "self": 0.00040900000000121395,
                                                    "children": {
                                                        "_process_vector_observation": {
                                                            "total": 0.00046649999999814895,
                                                            "count": 2,
                                                            "is_parallel": true,
                                                            "self": 0.00046649999999814895
                                                        }
                                                    }
                                                },
                                                "UnityEnvironment.step": {
                                                    "total": 3446.258909099965,
                                                    "count": 16002,
                                                    "is_parallel": true,
                                                    "self": 2.4854649000062636,
                                                    "children": {
                                                        "UnityEnvironment._generate_step_input": {
                                                            "total": 57.81629599998645,
                                                            "count": 16002,
                                                            "is_parallel": true,
                                                            "self": 57.81629599998645
                                                        },