{
    "name": "root",
    "metadata": {
        "timer_format_version": "0.1.0",
        "start_time_seconds": "1610707436",
        "python_version": "3.8.5 (default, Sep  3 2020, 21:29:08) [MSC v.1916 64 bit (AMD64)]",
        "command_line_arguments": "C:\\Users\\szczy\\Documents\\UnityProjects\\Mobile_robot_simulator\\venv\\Scripts\\mlagents-learn --run-id=Test6",
        "mlagents_version": "0.23.0",
        "mlagents_envs_version": "0.23.0",
        "communication_protocol_version": "1.3.0",
        "pytorch_version": "1.7.1+cpu",
        "numpy_version": "1.18.5",
        "end_time_seconds": "1610707586"
    },
    "total": 149.4084383,
    "count": 1,
    "self": 0.006844999999998436,
    "children": {
        "run_training.setup": {
            "total": 0.012189900000000087,
            "count": 1,
            "self": 0.012189900000000087
        },
        "TrainerController.start_learning": {
            "total": 149.3894034,
            "count": 1,
            "self": 0.3486880999990092,
            "children": {
                "TrainerController._reset_env": {
                    "total": 7.849119,
                    "count": 1,
                    "self": 7.849119
                },
                "TrainerController.advance": {
                    "total": 140.83659080000098,
                    "count": 6361,
                    "self": 0.15761680000014167,
                    "children": {
                        "env_step": {
                            "total": 140.67897400000084,
                            "count": 6361,
                            "self": 107.9349656000008,
                            "children": {
                                "SubprocessEnvManager._take_step": {
                                    "total": 32.5686271000003,
                                    "count": 6361,
                                    "self": 1.156772600000437,
                                    "children": {
                                        "TorchPolicy.evaluate": {
                                            "total": 31.411854499999862,
                                            "count": 12722,
                                            "self": 7.385752900000021,
                                            "children": {
                                                "TorchPolicy.sample_actions": {
                                                    "total": 24.02610159999984,
                                                    "count": 12722,
                                                    "self": 24.02610159999984
                                                }
                                            }
                                        }
                                    }
                                },
                                "workers": {
                                    "total": 0.17538129999975105,
                                    "count": 6360,
                                    "self": 0.0,
                                    "children": {
                                        "worker_root": {
                                            "total": 140.79668129999905,
                                            "count": 6360,
                                            "is_parallel": true,
                                            "self": 45.508257199998994,
                                            "children": {
                                                "steps_from_proto": {
                                                    "total": 0.0008602999999993699,
                                                    "count": 2,
                                                    "is_parallel": true,
                                                    "self": 0.00042830000000027013,
                                                    "children": {
                                                        "_process_vector_observation": {
                                                            "total": 0.00043199999999909977,
                                                            "count": 4,
                                                            "is_parallel": true,
                                                            "self": 0.00043199999999909977
                                                        }
                                                    }
                                                },
                                                "UnityEnvironment.step": {
                                                    "total": 95.28756380000006,
                                                    "count": 6360,
                                                    "is_parallel": true,
                                                    "self": 0.9671641999993028,
                                                    "children": {
                                                        "UnityEnvironment._generate_step_input": {
                                                            "total": 3.1486101000002824,
                                                            "count": 6360,
                                                            "is_parallel": true,
                                                            "self": 3.1486101000002824
                                                        },
                                                        "communicator.exchange": {
                                                            "total": 86.9124871000006,
                                                            "count": 6360,
                                                            "is_parallel": true,
                                                            "self": 86.9124871000006
                                                        },
                                                        "steps_from_proto": {
                                                            "total": 4.259302399999872,
                                                            "count": 12720,
                                                            "is_parallel": true,
                                                            "self": 2.678558100000532,
                                                            "children": {
                                                                "_process_vector_observation": {
                                                                    "total": 1.5807442999993402,
                                                                    "count": 25440,
                                                                    "is_parallel": true,
                                                                    "self": 1.5807442999993402
                                                                }
                                                            }
                                                        }
                                                    }
                                                }
                                            }
                                        }
                                    }
                                }
                            }
                        }
                    }
                },
                "trainer_threads": {
                    "total": 6.600000000389628e-05,
                    "count": 1,
                    "self": 6.600000000389628e-05,
                    "children": {
                        "thread_root": {
                            "total": 0.0,
                            "count": 0,
                            "is_parallel": true,
                            "self": 0.0,
                            "children": {
                                "trainer_advance": {
                                    "total": 281.9432376999981,