{
    "name": "root",
    "metadata": {
        "timer_format_version": "0.1.0",
        "start_time_seconds": "1621530688",
        "python_version": "3.8.5 (default, Sep  3 2020, 21:29:08) [MSC v.1916 64 bit (AMD64)]",
        "command_line_arguments": "C:\\Users\\szczy\\Documents\\UnityProjects\\Mobile_robot_simulator\\venv\\Scripts\\mlagents-learn --run-id RobotSumoVsCubeFLNew2 --initialize-from RobotSumoVsCubeFLNew",
        "mlagents_version": "0.23.0",
        "mlagents_envs_version": "0.23.0",
        "communication_protocol_version": "1.3.0",
        "pytorch_version": "1.7.1+cpu",
        "numpy_version": "1.18.5",
        "end_time_seconds": "1621531846"
    },
    "total": 1158.0239308,
    "count": 1,
    "self": 0.00539270000012948,
    "children": {
        "run_training.setup": {
            "total": 0.017510399999999926,
            "count": 1,
            "self": 0.017510399999999926
        },
        "TrainerController.start_learning": {
            "total": 1158.0010277,
            "count": 1,
            "self": 0.2798627000029228,
            "children": {
                "TrainerController._reset_env": {
                    "total": 11.1758621,
                    "count": 1,
                    "self": 11.1758621
                },
                "TrainerController.advance": {
                    "total": 1146.2887610999971,
                    "count": 6515,
                    "self": 0.1332582000045477,
                    "children": {
                        "env_step": {
                            "total": 1146.1555028999926,
                            "count": 6515,
                            "self": 1129.2049242999974,
                            "children": {
                                "SubprocessEnvManager._take_step": {
                                    "total": 16.805042599994348,
                                    "count": 6515,
                                    "self": 0.5423862999970446,
                                    "children": {
                                        "TorchPolicy.evaluate": {
                                            "total": 16.262656299997303,
                                            "count": 6480,
                                            "self": 3.767750000007341,
                                            "children": {
                                                "TorchPolicy.sample_actions": {
                                                    "total": 12.494906299989962,
                                                    "count": 6480,
                                                    "self": 12.494906299989962
                                                }
                                            }
                                        }
                                    }
                                },
                                "workers": {
                                    "total": 0.14553600000081524,
                                    "count": 6514,
                                    "self": 0.0,
                                    "children": {
                                        "worker_root": {
                                            "total": 1146.2782800000057,
                                            "count": 6514,
                                            "is_parallel": true,
                                            "self": 29.602957500003868,
                                            "children": {
                                                "steps_from_proto": {
                                                    "total": 0.0006193000000003224,
                                                    "count": 1,
                                                    "is_parallel": true,
                                                    "self": 0.00032809999999905415,
                                                    "children": {
                                                        "_process_vector_observation": {
                                                            "total": 0.0002912000000012682,
                                                            "count": 2,
                                                            "is_parallel": true,
                                                            "self": 0.0002912000000012682
                                                        }
                                                    }
                                                },
                                                "UnityEnvironment.step": {
                                                    "total": 1116.6747032000019,
                                                    "count": 6514,
                                                    "is_parallel": true,
                                                    "self": 0.7269039000011617,
                                                    "children": {
                                                        "UnityEnvironment._generate_step_input": {
                                                            "total": 4.743780899998745,
                                                            "count": 6514,
                                                            "is_parallel": true,
                                                            "self": 4.743780899998745
                                                        },
                                                        "communicator.exchange": {
                                                            "total": 1108.4057497000033,
                                                            "count": 6514,
                                                            "is_parallel": true,
                                                            "self": 1108.4057497000033
                                                        },
                                                        "steps_from_proto": {
                                                            "total": 2.7982686999986495,
                                                            "count": 6514,
                                                            "is_parallel": true,
                                                            "self": 1.4505415999962175,
                                                            "children": {
                                                                "_process_vector_observation": {
                                                                    "total": 1.347727100002432,
                                                                    "count": 13028,
                                                                    "is_parallel": true,
                                                                    "self": 1.347727100002432
                                                                }
                                                            }
                                                        }
                                                    }
                                                }
                                            }
                                        }
                                    }
                                }
                            }
                        }
                    }
                },
                "trainer_threads": {
                    "total": 4.749999993691745e-05,
                    "count": 1,
                    "self": 4.749999993691745e-05,
                    "children": {
                        "thread_root": {
                            "total": 0.0,
                            "count": 0,
                            "is_parallel": true,
                            "self": 0.0,