{
    "name": "root",
    "metadata": {
        "timer_format_version": "0.1.0",
        "start_time_seconds": "1611782447",
        "python_version": "3.8.5 (default, Sep  3 2020, 21:29:08) [MSC v.1916 64 bit (AMD64)]",
        "command_line_arguments": "C:\\Users\\szczy\\Documents\\UnityProjects\\Mobile_robot_simulator\\venv\\Scripts\\mlagents-learn --resume",
        "mlagents_version": "0.23.0",
        "mlagents_envs_version": "0.23.0",
        "communication_protocol_version": "1.3.0",
        "pytorch_version": "1.7.1+cpu",
        "numpy_version": "1.18.5",
        "end_time_seconds": "1611782453"
    },
    "total": 5.758425900000001,
    "count": 1,
    "self": 0.008658800000000966,
    "children": {
        "run_training.setup": {
            "total": 0.022072599999999998,
            "count": 1,
            "self": 0.022072599999999998
        },
        "TrainerController.start_learning": {
            "total": 5.7276945,
            "count": 1,
            "self": 0.007855700000000354,
            "children": {
                "TrainerController._reset_env": {
                    "total": 5.5729858000000005,
                    "count": 1,
                    "self": 5.5729858000000005
                },
                "trainer_threads": {
                    "total": 1.9599999999897477e-05,
                    "count": 1,
                    "self": 1.9599999999897477e-05,
                    "children": {
                        "thread_root": {
                            "total": 0.0,
                            "count": 0,
                            "is_parallel": true,
                            "self": 0.0,
                            "children": {
                                "trainer_advance": {
                                    "total": 0.007763799999999321,
                                    "count": 1,
                                    "is_parallel": true,
                                    "self": 2.8299999999426007e-05,
                                    "children": {
                                        "process_trajectory": {
                                            "total": 0.007735499999999895,
                                            "count": 1,
                                            "is_parallel": true,
                                            "self": 0.007735499999999895
                                        }
                                    }
                                }
                            }
                        }
                    }
                },
                "TrainerController._save_models": {
                    "total": 0.14683339999999934,
                    "count": 1,
                    "self": 0.011658199999999397,
                    "children": {
                        "RLTrainer._checkpoint": {
                            "total": 0.13517519999999994,
                            "count": 1,
                            "self": 0.13517519999999994
                        }
                    }
                }
            }
        }
    }
}