{
    "name": "root",
    "gauges": {
        "RobotSumo2.Policy.Entropy.mean": {
            "value": 1.389896273612976,
            "min": 1.389896273612976,
            "max": 1.410770297050476,
            "count": 10
        },
        "RobotSumo2.Environment.EpisodeLength.mean": {
            "value": 717.0281690140845,
            "min": 25.406976744186046,
            "max": 717.0281690140845,
            "count": 10
        },
        "RobotSumo2.Policy.ExtrinsicValueEstimate.mean": {
            "value": 0.7777059078216553,
            "min": -0.4776255488395691,
            "max": 0.7777059078216553,
            "count": 10
        },
        "RobotSumo2.Environment.CumulativeReward.mean": {
            "value": 6.817886305369542,
            "min": -0.757176474985831,
            "max": 6.817886305369542,
            "count": 10
        },
        "RobotSumo2.Policy.ExtrinsicReward.mean": {
            "value": 6.817886305369542,
            "min": -0.757176474985831,
            "max": 6.817886305369542,
            "count": 10
        },
        "RobotSumo2.IsTraining.mean": {
            "value": 1.0,
            "min": 1.0,
            "max": 1.0,
            "count": 10
        },
        "RobotSumo2.Losses.PolicyLoss.mean": {
            "value": 0.024051149478988613,
            "min": 0.02071451074244881,
            "max": 0.025843929732412414,
            "count": 9
        },
        "RobotSumo2.Losses.ValueLoss.mean": {
            "value": 0.013511284176881116,
            "min": 0.013511284176881116,
            "max": 0.051078583598136905,
            "count": 9
        },
        "RobotSumo2.Policy.LearningRate.mean": {
            "value": 1.257837580724e-05,
            "min": 1.257837580724e-05,
            "max": 0.000252936015688,
            "count": 9
        },
        "RobotSumo2.Policy.Epsilon.mean": {
            "value": 0.10419276000000002,
            "min": 0.10419276000000002,
            "max": 0.18431200000000003,
            "count": 9
        },
        "RobotSumo2.Policy.Beta.mean": {
            "value": 0.00021921872400000004,
            "min": 0.00021921872400000004,
            "max": 0.0042171688,
            "count": 9
        },
        "RobotSumo1.Policy.Entropy.mean": {
            "value": 1.3987245559692383,
            "min": 1.393824815750122,
            "max": 1.4061537981033325,
            "count": 10
        },
        "RobotSumo1.Environment.EpisodeLength.mean": {
            "value": 717.0281690140845,
            "min": 25.406976744186046,
            "max": 717.0281690140845,
            "count": 10
        },
        "RobotSumo1.Policy.ExtrinsicValueEstimate.mean": {
            "value": -0.1891324818134308,
            "min": -2.4477732181549072,
            "max": -0.1891324818134308,
            "count": 10
        },
        "RobotSumo1.Environment.CumulativeReward.mean": {
            "value": 0.13126758832327076,
            "min": -1.1828480759706301,
            "max": 0.13126758832327076,
            "count": 10
        },
        "RobotSumo1.Policy.ExtrinsicReward.mean": {
            "value": 0.13126758832327076,
            "min": -1.1828480759706301,
            "max": 0.13126758832327076,
            "count": 10
        },
        "RobotSumo1.IsTraining.mean": {
            "value": 1.0,
            "min": 1.0,
            "max": 1.0,
            "count": 10
        },
        "RobotSumo1.Losses.PolicyLoss.mean": {
            "value": 0.02639517368656622,
            "min": 0.022074622518848626,
            "max": 0.026826890221855137,
            "count": 9
        },
        "RobotSumo1.Losses.ValueLoss.mean": {
            "value": 0.009085582851742704,
            "min": 0.009085582851742704,
            "max": 0.9284021714329718,
            "count": 9
        },
        "RobotSumo1.Policy.LearningRate.mean": {
            "value": 1.257837580724e-05,
            "min": 1.257837580724e-05,
            "max": 0.000252936015688,
            "count": 9
        },
        "RobotSumo1.Policy.Epsilon.mean": {
            "value": 0.10419276000000002,
            "min": 0.10419276000000002,
            "max": 0.18431200000000003,
            "count": 9
        },
        "RobotSumo1.Policy.Beta.mean": {
            "value": 0.00021921872400000004,
            "min": 0.00021921872400000004,
            "max": 0.0042171688,
            "count": 9
        }
    },
    "metadata": {
        "timer_format_version": "0.1.0",
        "start_time_seconds": "1611838102",
        "python_version": "3.8.5 (default, Sep  3 2020, 21:29:08) [MSC v.1916 64 bit (AMD64)]",
        "command_line_arguments": "C:\\Users\\szczy\\Documents\\UnityProjects\\Mobile_robot_simulator\\venv\\Scripts\\mlagents-learn --run-id MLAgentVsMLAgentRobotSumo2 --resume",
        "mlagents_version": "0.23.0",
        "mlagents_envs_version": "0.23.0",
        "communication_protocol_version": "1.3.0",
        "pytorch_version": "1.7.1+cpu",
        "numpy_version": "1.18.5",
        "end_time_seconds": "1611846240"
    },
    "total": 8138.2139925,
    "count": 1,
    "self": 0.010578399999758403,
    "children": {
        "run_training.setup": {
            "total": 0.02036669999999985,
            "count": 1,
            "self": 0.02036669999999985
        },
        "TrainerController.start_learning": {
            "total": 8138.183047400001,
            "count": 1,
            "self": 1.189672800090193,
            "children": {
                "TrainerController._reset_env": {
                    "total": 6.2059318,
                    "count": 1,
                    "self": 6.2059318
                },
                "TrainerController.advance": {
                    "total": 8130.537490799909,
                    "count": 31011,
                    "self": 0.6174338999080646,
                    "children": {
                        "env_step": {
                            "total": 8129.920056900001,
                            "count": 31011,
                            "self": 7896.478666799986,
                            "children": {
                                "SubprocessEnvManager._take_step": {
                                    "total": 232.79767649998757,
                                    "count": 31011,
                                    "self": 5.219232400019592,
                                    "children": {
                                        "TorchPolicy.evaluate": {
                                            "total": 227.57844409996798,
                                            "count": 56620,
                                            "self": 41.11089170008975,
                                            "children": {
                                                "TorchPolicy.sample_actions": {
                                                    "total": 186.46755239987823,
                                                    "count": 56620,
                                                    "self": 186.46755239987823
                                                }
                                            }
                                        }
                                    }
                                },
                                "workers": {
                                    "total": 0.6437136000274961,
                                    "count": 31011,
                                    "self": 0.0,
                                    "children": {
                                        "worker_root": {
                                            "total": 8130.402072199982,
                                            "count": 31011,
                                            "is_parallel": true,
                                            "self": 349.82154949993037,