{
    "name": "root",
    "gauges": {
        "RobotSumovsCube.Policy.Entropy.mean": {
            "value": 1.3759530782699585,
            "min": 1.3759530782699585,
            "max": 1.3945330381393433,
            "count": 10
        },
        "RobotSumovsCube.Environment.EpisodeLength.mean": {
            "value": 510.70786516853934,
            "min": 281.0851063829787,
            "max": 553.3505154639175,
            "count": 10
        },
        "RobotSumovsCube.Policy.ExtrinsicValueEstimate.mean": {
            "value": 0.7688204646110535,
            "min": 0.27961796522140503,
            "max": 0.7688204646110535,
            "count": 10
        },
        "RobotSumovsCube.Environment.CumulativeReward.mean": {
            "value": 4.546067525329215,
            "min": -0.5723404167814458,
            "max": 4.546067525329215,
            "count": 10
        },
        "RobotSumovsCube.Policy.ExtrinsicReward.mean": {
            "value": 4.546067525329215,
            "min": -0.5723404167814458,
            "max": 4.546067525329215,
            "count": 10
        },
        "RobotSumovsCube.Losses.PolicyLoss.mean": {
            "value": 0.023272596001042985,
            "min": 0.02158591182184561,
            "max": 0.027784102748313066,
            "count": 10
        },
        "RobotSumovsCube.Losses.ValueLoss.mean": {
            "value": 0.060927249292532605,
            "min": 0.02396101404602329,
            "max": 0.06802654619018236,
            "count": 10
        },
        "RobotSumovsCube.Policy.LearningRate.mean": {
            "value": 1.5938254687280003e-05,
            "min": 1.5938254687280003e-05,
            "max": 0.00028460265513244993,
            "count": 10
        },
        "RobotSumovsCube.Policy.Epsilon.mean": {
            "value": 0.10531272000000003,
            "min": 0.10531272000000003,
            "max": 0.19486754999999997,
            "count": 10
        },
        "RobotSumovsCube.Policy.Beta.mean": {
            "value": 0.00027510472800000015,
            "min": 0.00027510472800000015,
            "max": 0.004743890745,
            "count": 10
        },
        "RobotSumovsCube.IsTraining.mean": {
            "value": 1.0,
            "min": 1.0,
            "max": 1.0,
            "count": 10
        }
    },
    "metadata": {
        "timer_format_version": "0.1.0",
        "start_time_seconds": "1615712303",
        "python_version": "3.8.5 (default, Sep  3 2020, 21:29:08) [MSC v.1916 64 bit (AMD64)]",
        "command_line_arguments": "C:\\Users\\szczy\\Documents\\UnityProjects\\Mobile_robot_simulator\\venv\\Scripts\\mlagents-learn --run-id FuzzyLogicSumoVsSumo --initialize-from FuzzyLogic --force",
        "mlagents_version": "0.23.0",
        "mlagents_envs_version": "0.23.0",
        "communication_protocol_version": "1.3.0",
        "pytorch_version": "1.7.1+cpu",
        "numpy_version": "1.18.5",
        "end_time_seconds": "1615718464"
    },
    "total": 6161.5189563,
    "count": 1,
    "self": 0.018664000000171654,
    "children": {
        "run_training.setup": {
            "total": 0.011971500000000024,
            "count": 1,
            "self": 0.011971500000000024
        },
        "TrainerController.start_learning": {
            "total": 6161.4883208,
            "count": 1,
            "self": 0.4771846000066944,
            "children": {
                "TrainerController._reset_env": {
                    "total": 4.798106499999999,
                    "count": 1,
                    "self": 4.798106499999999
                },
                "TrainerController.advance": {
                    "total": 6156.116491999994,
                    "count": 16495,
                    "self": 0.24893840001186618,
                    "children": {
                        "env_step": {
                            "total": 6155.867553599982,
                            "count": 16495,
                            "self": 6112.974486499908,
                            "children": {
                                "SubprocessEnvManager._take_step": {
                                    "total": 42.63123760001349,
                                    "count": 16495,
                                    "self": 1.376809299988679,
                                    "children": {
                                        "TorchPolicy.evaluate": {
                                            "total": 41.25442830002481,
                                            "count": 15657,
                                            "self": 9.623123300014193,
                                            "children": {
                                                "TorchPolicy.sample_actions": {
                                                    "total": 31.63130500001062,
                                                    "count": 15657,
                                                    "self": 31.63130500001062
                                                }
                                            }
                                        }
                                    }
                                },
                                "workers": {
                                    "total": 0.2618295000600366,
                                    "count": 16495,
                                    "self": 0.0,
                                    "children": {
                                        "worker_root": {
                                            "total": 6155.955264099934,
                                            "count": 16495,
                                            "is_parallel": true,
                                            "self": 89.54108769994673,
                                            "children": {
                                                "steps_from_proto": {
                                                    "total": 0.0009921999999997766,
                                                    "count": 1,
                                                    "is_parallel": true,
                                                    "self": 0.00045739999999927505,
                                                    "children": {
                                                        "_process_vector_observation": {
                                                            "total": 0.0005348000000005015,
                                                            "count": 2,
                                                            "is_parallel": true,
                                                            "self": 0.0005348000000005015
                                                        }
                                                    }
                                                },
                                                "UnityEnvironment.step": {
                                                    "total": 6066.413184199987,
                                                    "count": 16495,
                                                    "is_parallel": true,
                                                    "self": 2.2854302000841926,
                                                    "children": {
                                                        "UnityEnvironment._generate_step_input": {
                                                            "total": 61.22206299996956,
                                                            "count": 16495,
                                                            "is_parallel": true,
                                                            "self": 61.22206299996956
                                                        },
                                                        "communicator.exchange": {
                                                            "total": 5993.264253099957,