{
    "name": "root",
    "gauges": {
        "RobotSumovsCubeWL.Policy.Entropy.mean": {
            "value": 1.4376587867736816,
            "min": 1.420589566230774,
            "max": 1.4391523599624634,
            "count": 10
        },
        "RobotSumovsCubeWL.Environment.EpisodeLength.mean": {
            "value": 574.1724137931035,
            "min": 574.1724137931035,
            "max": 732.8955223880597,
            "count": 10
        },
        "RobotSumovsCubeWL.Policy.ExtrinsicValueEstimate.mean": {
            "value": 1.002504825592041,
            "min": 0.028352662920951843,
            "max": 1.002504825592041,
            "count": 10
        },
        "RobotSumovsCubeWL.Environment.CumulativeReward.mean": {
            "value": 10.568965871871887,
            "min": -0.30624999701976774,
            "max": 10.568965871871887,
            "count": 10
        },
        "RobotSumovsCubeWL.Policy.ExtrinsicReward.mean": {
            "value": 10.568965871871887,
            "min": -0.30624999701976774,
            "max": 10.568965871871887,
            "count": 10
        },
        "RobotSumovsCubeWL.Losses.PolicyLoss.mean": {
            "value": 0.024065472906222567,
            "min": 0.020520899494521624,
            "max": 0.025966828987002373,
            "count": 10
        },
        "RobotSumovsCubeWL.Losses.ValueLoss.mean": {
            "value": 0.16287340680758158,
            "min": 0.004104440362425521,
            "max": 0.16287340680758158,
            "count": 10
        },
        "RobotSumovsCubeWL.Policy.LearningRate.mean": {
            "value": 1.66056944648e-05,
            "min": 1.66056944648e-05,
            "max": 0.0002846164551278499,
            "count": 10
        },
        "RobotSumovsCubeWL.Policy.Epsilon.mean": {
            "value": 0.10553520000000001,
            "min": 0.10553520000000001,
            "max": 0.19487215000000002,
            "count": 10
        },
        "RobotSumovsCubeWL.Policy.Beta.mean": {
            "value": 0.0002862064800000001,
            "min": 0.0002862064800000001,
            "max": 0.004744120285,
            "count": 10
        },
        "RobotSumovsCubeWL.IsTraining.mean": {
            "value": 1.0,
            "min": 1.0,
            "max": 1.0,
            "count": 10
        }
    },
    "metadata": {
        "timer_format_version": "0.1.0",
        "start_time_seconds": "1621775972",
        "python_version": "3.8.5 (default, Sep  3 2020, 21:29:08) [MSC v.1916 64 bit (AMD64)]",
        "command_line_arguments": "C:\\Users\\szczy\\Documents\\UnityProjects\\Mobile_robot_simulator\\venv\\Scripts\\mlagents-learn --run-id RobotSumoVsCubeWLNew1",
        "mlagents_version": "0.23.0",
        "mlagents_envs_version": "0.23.0",
        "communication_protocol_version": "1.3.0",
        "pytorch_version": "1.7.1+cpu",
        "numpy_version": "1.18.5",
        "end_time_seconds": "1621784941"
    },
    "total": 8969.360858099999,
    "count": 1,
    "self": 0.00929069999983767,
    "children": {
        "run_training.setup": {
            "total": 0.010370800000000013,
            "count": 1,
            "self": 0.010370800000000013
        },
        "TrainerController.start_learning": {
            "total": 8969.341196599999,
            "count": 1,
            "self": 3.7964601998883154,
            "children": {
                "TrainerController._reset_env": {
                    "total": 5.3585441,
                    "count": 1,
                    "self": 5.3585441
                },
                "TrainerController.advance": {
                    "total": 8960.081562300109,
                    "count": 83985,
                    "self": 1.922498300080406,
                    "children": {
                        "env_step": {
                            "total": 8958.159064000029,
                            "count": 83985,
                            "self": 8719.774662000185,
                            "children": {
                                "SubprocessEnvManager._take_step": {
                                    "total": 236.14220669993864,
                                    "count": 83985,
                                    "self": 7.49760159976816,
                                    "children": {
                                        "TorchPolicy.evaluate": {
                                            "total": 228.64460510017048,
                                            "count": 83371,
                                            "self": 51.062636400231725,
                                            "children": {
                                                "TorchPolicy.sample_actions": {
                                                    "total": 177.58196869993876,
                                                    "count": 83371,
                                                    "self": 177.58196869993876
                                                }
                                            }
                                        }
                                    }
                                },
                                "workers": {
                                    "total": 2.2421952999042647,
                                    "count": 83985,
                                    "self": 0.0,
                                    "children": {
                                        "worker_root": {
                                            "total": 8959.905892799885,
                                            "count": 83985,
                                            "is_parallel": true,
                                            "self": 411.06255819992475,
                                            "children": {
                                                "steps_from_proto": {
                                                    "total": 0.0005170000000003228,
                                                    "count": 1,
                                                    "is_parallel": true,
                                                    "self": 0.0002605999999998332,
                                                    "children": {
                                                        "_process_vector_observation": {
                                                            "total": 0.00025640000000048957,
                                                            "count": 2,
                                                            "is_parallel": true,
                                                            "self": 0.00025640000000048957
                                                        }
                                                    }
                                                },
                                                "UnityEnvironment.step": {
                                                    "total": 8548.84281759996,
                                                    "count": 83985,
                                                    "is_parallel": true,
                                                    "self": 9.533858699825942,
                                                    "children": {
                                                        "UnityEnvironment._generate_step_input": {
                                                            "total": 56.98567440013736,
                                                            "count": 83985,
                                                            "is_parallel": true,
                                                            "self": 56.98567440013736
                                                        },
                                                        "communicator.exchange": {
                                                            "total": 8446.086515599985,
                                                            "count": 83985,