{
    "name": "root",
    "gauges": {
        "RobotSumoWL200SD30FOV.Policy.Entropy.mean": {
            "value": 1.467081904411316,
            "min": 1.4214414358139038,
            "max": 1.467081904411316,
            "count": 10
        },
        "RobotSumoWL200SD30FOV.Policy.ExtrinsicValueEstimate.mean": {
            "value": 17.89385414123535,
            "min": 1.2457607984542847,
            "max": 17.89385414123535,
            "count": 10
        },
        "RobotSumoWL200SD30FOV.Environment.EpisodeLength.mean": {
            "value": 155.3890577507599,
            "min": 104.52092050209205,
            "max": 596.1733333333333,
            "count": 10
        },
        "RobotSumoWL200SD30FOV.Environment.CumulativeReward.mean": {
            "value": 383.73722657026855,
            "min": 361.26578749473276,
            "max": 1056.5028369466463,
            "count": 10
        },
        "RobotSumoWL200SD30FOV.Policy.ExtrinsicReward.mean": {
            "value": 383.73722657026855,
            "min": 361.26578749473276,
            "max": 1056.5028369466463,
            "count": 10
        },
        "RobotSumoWL200SD30FOV.Losses.PolicyLoss.mean": {
            "value": 0.02236906642889759,
            "min": 0.02155748444734513,
            "max": 0.028490471186281258,
            "count": 10
        },
        "RobotSumoWL200SD30FOV.Losses.ValueLoss.mean": {
            "value": 2783.685983886719,
            "min": 690.397773361206,
            "max": 5188.6993587239585,
            "count": 10
        },
        "RobotSumoWL200SD30FOV.Policy.LearningRate.mean": {
            "value": 1.662285445908e-05,
            "min": 1.662285445908e-05,
            "max": 0.00028460760513079994,
            "count": 10
        },
        "RobotSumoWL200SD30FOV.Policy.Epsilon.mean": {
            "value": 0.10554092000000001,
            "min": 0.10554092000000001,
            "max": 0.1948692,
            "count": 10
        },
        "RobotSumoWL200SD30FOV.Policy.Beta.mean": {
            "value": 0.0002864919080000001,
            "min": 0.0002864919080000001,
            "max": 0.00474397308,
            "count": 10
        },
        "RobotSumoWL200SD30FOV.IsTraining.mean": {
            "value": 1.0,
            "min": 1.0,
            "max": 1.0,
            "count": 10
        }
    },
    "metadata": {
        "timer_format_version": "0.1.0",
        "start_time_seconds": "1623579928",
        "python_version": "3.8.5 (default, Sep  3 2020, 21:29:08) [MSC v.1916 64 bit (AMD64)]",
        "command_line_arguments": "C:\\Users\\szczy\\Documents\\UnityProjects\\Mobile_robot_simulator\\venv\\Scripts\\mlagents-learn --run-id RobotSumoWL200SD30FOV --force",
        "mlagents_version": "0.23.0",
        "mlagents_envs_version": "0.23.0",
        "communication_protocol_version": "1.3.0",
        "pytorch_version": "1.7.1+cpu",
        "numpy_version": "1.18.5",
        "end_time_seconds": "1623587988"
    },
    "total": 8060.1383181,
    "count": 1,
    "self": 0.008079100000031758,
    "children": {
        "run_training.setup": {
            "total": 0.009196299999999935,
            "count": 1,
            "self": 0.009196299999999935
        },
        "TrainerController.start_learning": {
            "total": 8060.1210427,
            "count": 1,
            "self": 0.9595556000731449,
            "children": {
                "TrainerController._reset_env": {
                    "total": 26.2450942,
                    "count": 1,
                    "self": 26.2450942
                },
                "TrainerController.advance": {
                    "total": 8032.7910306999265,
                    "count": 33783,
                    "self": 0.5143766998480714,
                    "children": {
                        "env_step": {
                            "total": 8032.276654000078,
                            "count": 33783,
                            "self": 7953.674511000106,
                            "children": {
                                "SubprocessEnvManager._take_step": {
                                    "total": 78.04977079995145,
                                    "count": 33783,
                                    "self": 2.7293845999615485,
                                    "children": {
                                        "TorchPolicy.evaluate": {
                                            "total": 75.3203861999899,
                                            "count": 31282,
                                            "self": 17.683324000024776,
                                            "children": {
                                                "TorchPolicy.sample_actions": {
                                                    "total": 57.63706219996512,
                                                    "count": 31282,
                                                    "self": 57.63706219996512
                                                }
                                            }
                                        }
                                    }
                                },
                                "workers": {
                                    "total": 0.5523722000217752,
                                    "count": 33783,
                                    "self": 0.0,
                                    "children": {
                                        "worker_root": {
                                            "total": 8032.659644399988,
                                            "count": 33783,
                                            "is_parallel": true,
                                            "self": 150.61510520003594,
                                            "children": {
                                                "steps_from_proto": {
                                                    "total": 0.0007620000000017058,
                                                    "count": 1,
                                                    "is_parallel": true,
                                                    "self": 0.0003703000000001566,
                                                    "children": {
                                                        "_process_vector_observation": {
                                                            "total": 0.00039170000000154914,
                                                            "count": 2,
                                                            "is_parallel": true,
                                                            "self": 0.00039170000000154914
                                                        }
                                                    }
                                                },
                                                "UnityEnvironment.step": {
                                                    "total": 7882.043777199952,
                                                    "count": 33783,
                                                    "is_parallel": true,
                                                    "self": 4.142260799839278,
                                                    "children": {
                                                        "UnityEnvironment._generate_step_input": {
                                                            "total": 67.23460090002878,
                                                            "count": 33783,
                                                            "is_parallel": true,
                                                            "self": 67.23460090002878
                                                        },
                                                        "communicator.exchange": {
                                                            "total": 7797.142525400038,