{
    "name": "root",
    "metadata": {
        "timer_format_version": "0.1.0",
        "start_time_seconds": "1611665442",
        "python_version": "3.8.5 (default, Sep  3 2020, 21:29:08) [MSC v.1916 64 bit (AMD64)]",
        "command_line_arguments": "C:\\Users\\szczy\\Documents\\UnityProjects\\Mobile_robot_simulator\\venv\\Scripts\\mlagents-learn --resume",
        "mlagents_version": "0.23.0",
        "mlagents_envs_version": "0.23.0",
        "communication_protocol_version": "1.3.0",
        "pytorch_version": "1.7.1+cpu",
        "numpy_version": "1.18.5",
        "end_time_seconds": "1611665445"
    },
    "total": 3.8358318000000002,
    "count": 1,
    "self": 0.007773100000000088,
    "children": {
        "run_training.setup": {
            "total": 0.01786159999999981,
            "count": 1,
            "self": 0.01786159999999981
        },
        "TrainerController.start_learning": {
            "total": 3.8101971000000003,
            "count": 1,
            "self": 0.012923800000000707,
            "children": {
                "TrainerController._reset_env": {
                    "total": 3.6100708999999993,
                    "count": 1,
                    "self": 3.6100708999999993
                },
                "trainer_threads": {
                    "total": 3.190000000063975e-05,
                    "count": 1,
                    "self": 3.190000000063975e-05,
                    "children": {
                        "thread_root": {
                            "total": 0.0,
                            "count": 0,
                            "is_parallel": true,
                            "self": 0.0,
                            "children": {
                                "trainer_advance": {
                                    "total": 0.08478180000000002,
                                    "count": 5,
                                    "is_parallel": true,
                                    "self": 0.0001899000000005202,
                                    "children": {
                                        "process_trajectory": {
                                            "total": 0.0845918999999995,
                                            "count": 5,
                                            "is_parallel": true,
                                            "self": 0.0845918999999995
                                        }
                                    }
                                }
                            }
                        }
                    }
                },
                "TrainerController._save_models": {
                    "total": 0.18717049999999968,
                    "count": 1,
                    "self": 0.016182599999999603,
                    "children": {
                        "RLTrainer._checkpoint": {
                            "total": 0.17098790000000008,
                            "count": 2,
                            "self": 0.17098790000000008
                        }
                    }
                }
            }
        }
    }
}