{
    "name": "root",
    "gauges": {
        "RobotSumovsCube.Policy.Entropy.mean": {
            "value": 1.3966825008392334,
            "min": 1.3966821432113647,
            "max": 1.4151540994644165,
            "count": 10
        },
        "RobotSumovsCube.Policy.ExtrinsicValueEstimate.mean": {
            "value": -0.043339040130376816,
            "min": -0.8954507112503052,
            "max": -0.043339040130376816,
            "count": 10
        },
        "RobotSumovsCube.Environment.EpisodeLength.mean": {
            "value": 867.1016949152543,
            "min": 784.3859649122807,
            "max": 926.3148148148148,
            "count": 10
        },
        "RobotSumovsCube.Environment.CumulativeReward.mean": {
            "value": -0.3220338983050847,
            "min": -0.3728813559322034,
            "max": -0.16666666666666666,
            "count": 10
        },
        "RobotSumovsCube.Policy.ExtrinsicReward.mean": {
            "value": -0.3220338983050847,
            "min": -0.3728813559322034,
            "max": -0.16666666666666666,
            "count": 10
        },
        "RobotSumovsCube.Losses.PolicyLoss.mean": {
            "value": 0.02294546058867127,
            "min": 0.0216097572564892,
            "max": 0.025361725353286603,
            "count": 10
        },
        "RobotSumovsCube.Losses.ValueLoss.mean": {
            "value": 0.0039051162598965064,
            "min": 0.0032799193131116526,
            "max": 1.0170551233614484,
            "count": 10
        },
        "RobotSumovsCube.Policy.LearningRate.mean": {
            "value": 1.5812014729359995e-05,
            "min": 1.5812014729359995e-05,
            "max": 0.00028441590519469995,
            "count": 10
        },
        "RobotSumovsCube.Policy.Epsilon.mean": {
            "value": 0.10527064,
            "min": 0.10527064,
            "max": 0.19480529999999993,
            "count": 10
        },
        "RobotSumovsCube.Policy.Beta.mean": {
            "value": 0.0002730049359999999,
            "min": 0.0002730049359999999,
            "max": 0.00474078447,
            "count": 10
        },
        "RobotSumovsCube.IsTraining.mean": {
            "value": 1.0,
            "min": 1.0,
            "max": 1.0,
            "count": 10
        }
    },
    "metadata": {
        "timer_format_version": "0.1.0",
        "start_time_seconds": "1612095340",
        "python_version": "3.8.5 (default, Sep  3 2020, 21:29:08) [MSC v.1916 64 bit (AMD64)]",
        "command_line_arguments": "C:\\Users\\szczy\\Documents\\UnityProjects\\Mobile_robot_simulator\\venv\\Scripts\\mlagents-learn --run-id RobotSumovsCube --force",
        "mlagents_version": "0.23.0",
        "mlagents_envs_version": "0.23.0",
        "communication_protocol_version": "1.3.0",
        "pytorch_version": "1.7.1+cpu",
        "numpy_version": "1.18.5",
        "end_time_seconds": "1612099098"
    },
    "total": 3757.8721294,
    "count": 1,
    "self": 0.009423399999832327,
    "children": {
        "run_training.setup": {
            "total": 0.009671100000000044,
            "count": 1,
            "self": 0.009671100000000044
        },
        "TrainerController.start_learning": {
            "total": 3757.8530349000002,
            "count": 1,
            "self": 1.540674099962871,
            "children": {
                "TrainerController._reset_env": {
                    "total": 7.0545196,
                    "count": 1,
                    "self": 7.0545196
                },
                "TrainerController.advance": {
                    "total": 3749.1407014000374,
                    "count": 31725,
                    "self": 0.7655208000451239,
                    "children": {
                        "env_step": {
                            "total": 3748.3751805999923,
                            "count": 31725,
                            "self": 3608.3411434000545,
                            "children": {
                                "SubprocessEnvManager._take_step": {
                                    "total": 139.12488239997657,
                                    "count": 31725,
                                    "self": 4.119911100031601,
                                    "children": {
                                        "TorchPolicy.evaluate": {
                                            "total": 135.00497129994497,
                                            "count": 31286,
                                            "self": 26.668623699956854,
                                            "children": {
                                                "TorchPolicy.sample_actions": {
                                                    "total": 108.33634759998812,
                                                    "count": 31286,
                                                    "self": 108.33634759998812
                                                }
                                            }
                                        }
                                    }
                                },
                                "workers": {
                                    "total": 0.9091547999610103,
                                    "count": 31725,
                                    "self": 0.0,
                                    "children": {
                                        "worker_root": {
                                            "total": 3749.146512999994,
                                            "count": 31725,
                                            "is_parallel": true,
                                            "self": 242.07367710003018,
                                            "children": {
                                                "steps_from_proto": {
                                                    "total": 0.00784729999999989,
                                                    "count": 1,
                                                    "is_parallel": true,
                                                    "self": 0.0018631000000004505,
                                                    "children": {
                                                        "_process_vector_observation": {
                                                            "total": 0.00598419999999944,
                                                            "count": 2,
                                                            "is_parallel": true,
                                                            "self": 0.00598419999999944
                                                        }
                                                    }
                                                },
                                                "UnityEnvironment.step": {
                                                    "total": 3507.0649885999637,
                                                    "count": 31725,
                                                    "is_parallel": true,
                                                    "self": 5.52274819996228,
                                                    "children": {
                                                        "UnityEnvironment._generate_step_input": {
                                                            "total": 59.172386500009935,
                                                            "count": 31725,
                                                            "is_parallel": true,
                                                            "self": 59.172386500009935
                                                        },
                                                        "communicator.exchange": {
                                                            "total": 3419.332527999992,
                                                            "count": 31725,