{
    "name": "root",
    "gauges": {
        "RobotSumovsCubeWL.Policy.Entropy.mean": {
            "value": 1.4558955430984497,
            "min": 1.454138159751892,
            "max": 1.4558955430984497,
            "count": 3
        },
        "RobotSumovsCubeWL.Environment.EpisodeLength.mean": {
            "value": 313.61875,
            "min": 266.86619718309856,
            "max": 313.61875,
            "count": 3
        },
        "RobotSumovsCubeWL.Policy.ExtrinsicValueEstimate.mean": {
            "value": 14.973555564880371,
            "min": 11.630759239196777,
            "max": 14.973555564880371,
            "count": 3
        },
        "RobotSumovsCubeWL.Environment.CumulativeReward.mean": {
            "value": 278.8924800768588,
            "min": 224.47038545616917,
            "max": 278.8924800768588,
            "count": 3
        },
        "RobotSumovsCubeWL.Policy.ExtrinsicReward.mean": {
            "value": 278.8924800768588,
            "min": 224.47038545616917,
            "max": 278.8924800768588,
            "count": 3
        },
        "RobotSumovsCubeWL.Losses.PolicyLoss.mean": {
            "value": 0.02517979223358755,
            "min": 0.022184586384537398,
            "max": 0.02529559344050843,
            "count": 3
        },
        "RobotSumovsCubeWL.Losses.ValueLoss.mean": {
            "value": 295.4698160807292,
            "min": 281.7813442230225,
            "max": 319.6963375091553,
            "count": 3
        },
        "RobotSumovsCubeWL.Policy.LearningRate.mean": {
            "value": 1.7070694309800006e-05,
            "min": 1.7070694309800006e-05,
            "max": 6.947572684145e-05,
            "count": 3
        },
        "RobotSumovsCubeWL.Policy.Epsilon.mean": {
            "value": 0.10569020000000003,
            "min": 0.10569020000000003,
            "max": 0.12315855,
            "count": 3
        },
        "RobotSumovsCubeWL.Policy.Beta.mean": {
            "value": 0.00029394098000000017,
            "min": 0.00029394098000000017,
            "max": 0.001165611645,
            "count": 3
        },
        "RobotSumovsCubeWL.IsTraining.mean": {
            "value": 1.0,
            "min": 1.0,
            "max": 1.0,
            "count": 3
        }
    },
    "metadata": {
        "timer_format_version": "0.1.0",
        "start_time_seconds": "1621865209",
        "python_version": "3.8.5 (default, Sep  3 2020, 21:29:08) [MSC v.1916 64 bit (AMD64)]",
        "command_line_arguments": "C:\\Users\\szczy\\Documents\\UnityProjects\\Mobile_robot_simulator\\venv\\Scripts\\mlagents-learn --run-id RobotSumoVsCubeWL2New --resume",
        "mlagents_version": "0.23.0",
        "mlagents_envs_version": "0.23.0",
        "communication_protocol_version": "1.3.0",
        "pytorch_version": "1.7.1+cpu",
        "numpy_version": "1.18.5",
        "end_time_seconds": "1621867624"
    },
    "total": 2415.4680955999997,
    "count": 1,
    "self": 0.011928399999760586,
    "children": {
        "run_training.setup": {
            "total": 0.022847400000000073,
            "count": 1,
            "self": 0.022847400000000073
        },
        "TrainerController.start_learning": {
            "total": 2415.4333198,
            "count": 1,
            "self": 1.1895834999854742,
            "children": {
                "TrainerController._reset_env": {
                    "total": 8.1043289,
                    "count": 1,
                    "self": 8.1043289
                },
                "TrainerController.advance": {
                    "total": 2406.0055256000146,
                    "count": 23997,
                    "self": 0.5655440999994426,
                    "children": {
                        "env_step": {
                            "total": 2405.439981500015,
                            "count": 23997,
                            "self": 2332.158972600004,
                            "children": {
                                "SubprocessEnvManager._take_step": {
                                    "total": 72.62123990000245,
                                    "count": 23997,
                                    "self": 2.2198373999798946,
                                    "children": {
                                        "TorchPolicy.evaluate": {
                                            "total": 70.40140250002256,
                                            "count": 23628,
                                            "self": 15.334133500031207,
                                            "children": {
                                                "TorchPolicy.sample_actions": {
                                                    "total": 55.06726899999135,
                                                    "count": 23628,
                                                    "self": 55.06726899999135
                                                }
                                            }
                                        }
                                    }
                                },
                                "workers": {
                                    "total": 0.6597690000087688,
                                    "count": 23997,
                                    "self": 0.0,
                                    "children": {
                                        "worker_root": {
                                            "total": 2406.000924299987,
                                            "count": 23997,
                                            "is_parallel": true,
                                            "self": 125.19106979998696,
                                            "children": {
                                                "steps_from_proto": {
                                                    "total": 0.00506619999999991,
                                                    "count": 1,
                                                    "is_parallel": true,
                                                    "self": 0.001477699999998805,
                                                    "children": {
                                                        "_process_vector_observation": {
                                                            "total": 0.0035885000000011047,
                                                            "count": 2,
                                                            "is_parallel": true,
                                                            "self": 0.0035885000000011047
                                                        }
                                                    }
                                                },
                                                "UnityEnvironment.step": {
                                                    "total": 2280.8047883000004,
                                                    "count": 23997,
                                                    "is_parallel": true,
                                                    "self": 3.1821187000073223,
                                                    "children": {
                                                        "UnityEnvironment._generate_step_input": {
                                                            "total": 18.573394600000057,
                                                            "count": 23997,
                                                            "is_parallel": true,
                                                            "self": 18.573394600000057
                                                        },
                                                        "communicator.exchange": {
                                                            "total": 2247.2261031000085,
                                                            "count": 23997,