{
    "name": "root",
    "gauges": {
        "RobotSumovsCube.Policy.Entropy.mean": {
            "value": 1.4084011316299438,
            "min": 1.4082783460617065,
            "max": 1.4169012308120728,
            "count": 10
        },
        "RobotSumovsCube.Policy.ExtrinsicValueEstimate.mean": {
            "value": -0.026109345257282257,
            "min": -0.13112345337867737,
            "max": -0.02482091635465622,
            "count": 10
        },
        "RobotSumovsCube.Environment.EpisodeLength.mean": {
            "value": 886.8392857142857,
            "min": 872.2068965517242,
            "max": 975.4489795918367,
            "count": 10
        },
        "RobotSumovsCube.Environment.CumulativeReward.mean": {
            "value": -0.23214285714285715,
            "min": -0.288135593220339,
            "max": -0.08163265306122448,
            "count": 10
        },
        "RobotSumovsCube.Policy.ExtrinsicReward.mean": {
            "value": -0.23214285714285715,
            "min": -0.288135593220339,
            "max": -0.08163265306122448,
            "count": 10
        },
        "RobotSumovsCube.Losses.PolicyLoss.mean": {
            "value": 0.024645394279117074,
            "min": 0.02142695035727229,
            "max": 0.024645394279117074,
            "count": 10
        },
        "RobotSumovsCube.Losses.ValueLoss.mean": {
            "value": 0.002112289517923879,
            "min": 0.0010515359432126084,
            "max": 0.06018790997283456,
            "count": 10
        },
        "RobotSumovsCube.Policy.LearningRate.mean": {
            "value": 1.4195135268320002e-05,
            "min": 1.4195135268320002e-05,
            "max": 0.0002842731052423,
            "count": 10
        },
        "RobotSumovsCube.Policy.Epsilon.mean": {
            "value": 0.10473168000000002,
            "min": 0.10473168000000002,
            "max": 0.19475769999999998,
            "count": 10
        },
        "RobotSumovsCube.Policy.Beta.mean": {
            "value": 0.00024611083200000005,
            "min": 0.00024611083200000005,
            "max": 0.004738409230000001,
            "count": 10
        },
        "RobotSumovsCube.IsTraining.mean": {
            "value": 1.0,
            "min": 1.0,
            "max": 1.0,
            "count": 10
        }
    },
    "metadata": {
        "timer_format_version": "0.1.0",
        "start_time_seconds": "1612173418",
        "python_version": "3.8.5 (default, Sep  3 2020, 21:29:08) [MSC v.1916 64 bit (AMD64)]",
        "command_line_arguments": "C:\\Users\\szczy\\Documents\\UnityProjects\\Mobile_robot_simulator\\venv\\Scripts\\mlagents-learn --run-id RobotSumovsCube7 --initialize-from RobotSumovsCube6",
        "mlagents_version": "0.23.0",
        "mlagents_envs_version": "0.23.0",
        "communication_protocol_version": "1.3.0",
        "pytorch_version": "1.7.1+cpu",
        "numpy_version": "1.18.5",
        "end_time_seconds": "1612176906"
    },
    "total": 3488.8005892,
    "count": 1,
    "self": 0.022220699999706994,
    "children": {
        "run_training.setup": {
            "total": 0.009869500000000198,
            "count": 1,
            "self": 0.009869500000000198
        },
        "TrainerController.start_learning": {
            "total": 3488.7684990000002,
            "count": 1,
            "self": 1.3696221999507543,
            "children": {
                "TrainerController._reset_env": {
                    "total": 10.5880406,
                    "count": 1,
                    "self": 10.5880406
                },
                "TrainerController.advance": {
                    "total": 3476.64095990005,
                    "count": 31599,
                    "self": 0.699805300015214,
                    "children": {
                        "env_step": {
                            "total": 3475.9411546000347,
                            "count": 31599,
                            "self": 3336.326550300054,
                            "children": {
                                "SubprocessEnvManager._take_step": {
                                    "total": 138.76183419998154,
                                    "count": 31599,
                                    "self": 3.818056300000279,
                                    "children": {
                                        "TorchPolicy.evaluate": {
                                            "total": 134.94377789998126,
                                            "count": 31281,
                                            "self": 24.88384320001697,
                                            "children": {
                                                "TorchPolicy.sample_actions": {
                                                    "total": 110.05993469996429,
                                                    "count": 31281,
                                                    "self": 110.05993469996429
                                                }
                                            }
                                        }
                                    }
                                },
                                "workers": {
                                    "total": 0.852770099999109,
                                    "count": 31599,
                                    "self": 0.0,
                                    "children": {
                                        "worker_root": {
                                            "total": 3476.484003600027,
                                            "count": 31599,
                                            "is_parallel": true,
                                            "self": 235.727827800024,
                                            "children": {
                                                "steps_from_proto": {
                                                    "total": 0.000767200000000301,
                                                    "count": 1,
                                                    "is_parallel": true,
                                                    "self": 0.00043180000000120344,
                                                    "children": {
                                                        "_process_vector_observation": {
                                                            "total": 0.00033539999999909753,
                                                            "count": 2,
                                                            "is_parallel": true,
                                                            "self": 0.00033539999999909753
                                                        }
                                                    }
                                                },
                                                "UnityEnvironment.step": {
                                                    "total": 3240.7554086000027,
                                                    "count": 31599,
                                                    "is_parallel": true,
                                                    "self": 4.8746440001064,
                                                    "children": {
                                                        "UnityEnvironment._generate_step_input": {
                                                            "total": 60.91561839995499,
                                                            "count": 31599,
                                                            "is_parallel": true,
                                                            "self": 60.91561839995499
                                                        },
                                                        "communicator.exchange": {
                                                            "total": 3150.685017999995,