{
    "name": "root",
    "gauges": {
        "RobotSumo1.Policy.Entropy.mean": {
            "value": 1.4259722232818604,
            "min": 1.422114372253418,
            "max": 1.4283766746520996,
            "count": 10
        },
        "RobotSumo1.Environment.EpisodeLength.mean": {
            "value": 832.1034482758621,
            "min": 117.82157676348548,
            "max": 903.4107142857143,
            "count": 10
        },
        "RobotSumo1.Policy.ExtrinsicValueEstimate.mean": {
            "value": -0.012294348329305649,
            "min": -0.012294348329305649,
            "max": 0.6073955297470093,
            "count": 10
        },
        "RobotSumo1.Environment.CumulativeReward.mean": {
            "value": -0.15517241379310345,
            "min": -0.4190871369294606,
            "max": -0.08928571428571429,
            "count": 10
        },
        "RobotSumo1.Policy.ExtrinsicReward.mean": {
            "value": -0.15517241379310345,
            "min": -0.4190871369294606,
            "max": -0.08928571428571429,
            "count": 10
        },
        "RobotSumo1.Losses.PolicyLoss.mean": {
            "value": 0.02355849747909815,
            "min": 0.021204555224709716,
            "max": 0.026706828937555355,
            "count": 10
        },
        "RobotSumo1.Losses.ValueLoss.mean": {
            "value": 0.002681493894197047,
            "min": 0.0013909997864781569,
            "max": 0.18643782635529837,
            "count": 10
        },
        "RobotSumo1.Policy.LearningRate.mean": {
            "value": 1.7503054165679993e-05,
            "min": 1.7503054165679993e-05,
            "max": 0.00027660560779813335,
            "count": 10
        },
        "RobotSumo1.Policy.Epsilon.mean": {
            "value": 0.10583432,
            "min": 0.10583432,
            "max": 0.19220186666666672,
            "count": 10
        },
        "RobotSumo1.Policy.Beta.mean": {
            "value": 0.00030113256799999997,
            "min": 0.00030113256799999997,
            "max": 0.004610873146666667,
            "count": 10
        },
        "RobotSumo1.IsTraining.mean": {
            "value": 1.0,
            "min": 1.0,
            "max": 1.0,
            "count": 10
        },
        "RobotSumo2.Policy.Entropy.mean": {
            "value": 1.3976688385009766,
            "min": 1.3976688385009766,
            "max": 1.417751431465149,
            "count": 10
        },
        "RobotSumo2.Environment.EpisodeLength.mean": {
            "value": 832.1034482758621,
            "min": 117.82157676348548,
            "max": 903.4107142857143,
            "count": 10
        },
        "RobotSumo2.Policy.ExtrinsicValueEstimate.mean": {
            "value": -0.02922680415213108,
            "min": -0.464377224445343,
            "max": -0.027365069836378098,
            "count": 10
        },
        "RobotSumo2.Environment.CumulativeReward.mean": {
            "value": -0.1896551724137931,
            "min": -0.6642335766423357,
            "max": -0.08928571428571429,
            "count": 10
        },
        "RobotSumo2.Policy.ExtrinsicReward.mean": {
            "value": -0.1896551724137931,
            "min": -0.6642335766423357,
            "max": -0.08928571428571429,
            "count": 10
        },
        "RobotSumo2.Losses.PolicyLoss.mean": {
            "value": 0.024632035302020086,
            "min": 0.01996645219352407,
            "max": 0.02679956564315944,
            "count": 10
        },
        "RobotSumo2.Losses.ValueLoss.mean": {
            "value": 0.002451190314022824,
            "min": 0.002194539416814223,
            "max": 0.17721049901511934,
            "count": 10
        },
        "RobotSumo2.Policy.LearningRate.mean": {
            "value": 1.751985416008e-05,
            "min": 1.751985416008e-05,
            "max": 0.00027662240779253343,
            "count": 10
        },
        "RobotSumo2.Policy.Epsilon.mean": {
            "value": 0.10583992,
            "min": 0.10583992,
            "max": 0.19220746666666666,
            "count": 10
        },
        "RobotSumo2.Policy.Beta.mean": {
            "value": 0.00030141200800000006,
            "min": 0.00030141200800000006,
            "max": 0.004611152586666666,
            "count": 10
        },
        "RobotSumo2.IsTraining.mean": {
            "value": 1.0,
            "min": 1.0,
            "max": 1.0,
            "count": 10
        }
    },
    "metadata": {
        "timer_format_version": "0.1.0",
        "start_time_seconds": "1611824735",
        "python_version": "3.8.5 (default, Sep  3 2020, 21:29:08) [MSC v.1916 64 bit (AMD64)]",
        "command_line_arguments": "C:\\Users\\szczy\\Documents\\UnityProjects\\Mobile_robot_simulator\\venv\\Scripts\\mlagents-learn --run-id MLAgentVsMLAgentRobotSumo --resume",
        "mlagents_version": "0.23.0",
        "mlagents_envs_version": "0.23.0",
        "communication_protocol_version": "1.3.0",
        "pytorch_version": "1.7.1+cpu",
        "numpy_version": "1.18.5",
        "end_time_seconds": "1611833039"
    },
    "total": 8304.486786899999,
    "count": 1,
    "self": 0.014811699998972472,
    "children": {
        "run_training.setup": {
            "total": 0.01834340000000001,
            "count": 1,
            "self": 0.01834340000000001
        },
        "TrainerController.start_learning": {
            "total": 8304.453631800001,
            "count": 1,
            "self": 1.120573299989701,
            "children": {
                "TrainerController._reset_env": {
                    "total": 10.535975100000002,
                    "count": 1,
                    "self": 10.535975100000002
                },
                "TrainerController.advance": {
                    "total": 8292.580184800012,
                    "count": 30842,
                    "self": 0.5974715000847937,
                    "children": {
                        "env_step": {
                            "total": 8291.982713299927,
                            "count": 30842,
                            "self": 8037.307556999881,
                            "children": {
                                "SubprocessEnvManager._take_step": {
                                    "total": 254.07733730001053,
                                    "count": 30842,
                                    "self": 5.251948799919717,
                                    "children": {
                                        "TorchPolicy.evaluate": {
                                            "total": 248.8253885000908,
                                            "count": 60258,
                                            "self": 44.143385199998164,
                                            "children": {
                                                "TorchPolicy.sample_actions": {
                                                    "total": 204.68200330009265,
                                                    "count": 60258,
                                                    "self": 204.68200330009265
                                                }
                                            }
                                        }
                                    }
                                },
                                "workers": {
                                    "total": 0.5978190000358836,
                                    "count": 30842,
                                    "self": 0.0,
                                    "children": {
                                        "worker_root": {
                                            "total": 8292.481612099991,
                                            "count": 30842,
                                            "is_parallel": true,
                                            "self": 368.80228049997095,